teamID,yearID,G,W,L,Win_per,WP,wins_162,attendance,name,OpeningDay_26_man,YearEnd_40_man,source,quart_salary,quart_salary_YrEnd,wins90,Payroll/Median,Log (Payroll/Median)
ARI,1998,162,65,97,40.1,0.4012345679,65,3610290,Arizona Diamondbacks,29161500,,BBCube,1,,not_highwins_90,0.6427768471,-0.441957665
ARI,1999,162,100,62,61.7,0.6172839506,100,3019654,Arizona Diamondbacks,70370999,,BBCube,3,,highwins_91,1.5215944968,0.4197587961
ARI,2000,162,85,77,52.5,0.524691358,85,2942251,Arizona Diamondbacks,77900000,77245341,COTS,3,4,not_highwins_90,1.262560778,0.233142022
ARI,2001,162,92,70,56.8,0.5679012346,92,2736451,Arizona Diamondbacks,85508000,85126449,COTS,3,3,highwins_91,1.3029062437,0.2645973414
ARI,2002,162,98,64,60.5,0.6049382716,98,3198977,Arizona Diamondbacks,102819999,103528877,COTS,4,4,highwins_91,1.6205289881,0.4827526318
ARI,2003,162,84,78,51.9,0.5185185185,84,2805542,Arizona Diamondbacks,80640333,92665040,COTS,3,3,not_highwins_90,1.1393095931,0.1304224589
ARI,2004,162,51,111,31.5,0.3148148148,51,2519560,Arizona Diamondbacks,69780750,68412599,COTS,3,2,not_highwins_90,1.0700517539,0.0677070154
ARI,2005,162,77,85,47.5,0.475308642,77,2059424,Arizona Diamondbacks,62329166,60803968,COTS,2,2,not_highwins_90,0.9021184218,-0.103009479
ARI,2006,162,76,86,46.9,0.4691358025,76,2091685,Arizona Diamondbacks,59684226,61466435,COTS,1,1,not_highwins_90,0.8222600736,-0.195698543
ARI,2007,162,90,72,55.6,0.5555555556,90,2325249,Arizona Diamondbacks,52067546,70448367,COTS,1,1,not_highwins_90,0.5964835506,-0.516703614
ARI,2008,162,82,80,50.6,0.5061728395,82,2509924,Arizona Diamondbacks,66202712,80998526,COTS,1,2,not_highwins_90,0.8179485754,-0.200955811
ARI,2009,162,70,92,43.2,0.4320987654,70,2128765,Arizona Diamondbacks,73516666,73800852,COTS,2,1,not_highwins_90,0.9011696197,-0.104061782
ARI,2010,162,65,97,40.1,0.4012345679,65,2056941,Arizona Diamondbacks,75484833,70531163,COTS,2,1,not_highwins_90,0.8349353265,-0.18040101
ARI,2011,162,94,68,58,0.5802469136,94,2105432,Arizona Diamondbacks,56489833,65603602,COTS,1,1,highwins_91,0.6204638183,-0.477287987
ARI,2012,162,81,81,50,0.5,81,2177617,Arizona Diamondbacks,75417833,77162625,COTS,1,1,not_highwins_90,0.8021531486,-0.220455731
ARI,2013,162,81,81,50,0.5,81,2134795,Arizona Diamondbacks,86300500,90204915,COTS,2,2,not_highwins_90,0.9283470656,-0.074349623
ARI,2014,162,64,98,39.5,0.3950617284,64,2073730,Arizona Diamondbacks,112315500,108124871,COTS,3,2,not_highwins_90,1.0612114509,0.0594111337
ARI,2015,162,79,83,48.8,0.487654321,79,2080145,Arizona Diamondbacks,88187000,79741546,COTS,1,1,not_highwins_90,0.7537565248,-0.282685875
ARI,2016,162,69,93,42.6,0.4259259259,69,2036216,Arizona Diamondbacks,98172683,97053717,COTS,2,1,not_highwins_90,0.7981979951,-0.225398598
ARI,2017,162,93,69,57.4,0.5740740741,93,2134375,Arizona Diamondbacks,93120200,105941702,COTS,1,1,highwins_91,0.6876541837,-0.374469207
ARI,2018,162,82,80,50.6,0.5061728395,82,2242695,Arizona Diamondbacks,131565116,132955497,COTS,2,2,not_highwins_90,0.9818688247,-0.018297559
ARI,2019,162,85,77,52.5,0.524691358,85,2135510,Arizona Diamondbacks,123415766,109903547,COTS,2,2,not_highwins_90,1.0035998366,0.0035933727
ARI,2020,60,25,35,41.7,0.4166666667,67.5,0,Arizona Diamondbacks,57122261,40297203,COTS,2,1,not_highwins_90,1.0148869422,0.0147772193
ARI,2021,162,52,110,0.321,0.3209876543,52,,Arizona Diamondbacks,54229878,91632929,AW,2,2,not_highwins_90,0.6785815621,-0.387750597
ARI,2022,162,74,88,0.457,0.4567901235,74,,Arizona Diamondbacks,53176803,85964090,AW,1,1,not_highwins_90,0.5889262788,-0.529454266
ARI,2023,162,84,78,0.519,0.5185185185,84,,Arizona Diamondbacks,60263998,119257651,AW,2,2,not_highwins_90,0.7243165958,-0.322526695
ATL,1998,162,106,56,65.4,0.6543209877,106,3360860,Atlanta Braves,59536000,,BBCube,4,,highwins_91,1.3122906013,0.2717741609
ATL,1999,162,103,59,63.6,0.6358024691,103,3284897,Atlanta Braves,75065000,,BBCube,4,,highwins_91,1.6230903714,0.4843319687
ATL,2000,162,95,67,58.6,0.5864197531,95,3234304,Atlanta Braves,82700000,87575050,COTS,4,4,highwins_91,1.340356564,0.2929356711
ATL,2001,162,88,74,54.3,0.5432098765,88,2823530,Atlanta Braves,91936167,94879885,COTS,4,4,not_highwins_90,1.4008537915,0.3370819018
ATL,2002,161,101,59,62.7,0.63125,101.62732919,2603484,Atlanta Braves,93470367,93786065,COTS,3,3,highwins_91,1.4731709855,0.3874172105
ATL,2003,162,101,61,62.3,0.6234567901,101,2401084,Atlanta Braves,106243667,103912011,COTS,4,4,highwins_91,1.5010407884,0.4061587264
ATL,2004,162,96,66,59.3,0.5925925926,96,2327565,Atlanta Braves,90182500,79445468,COTS,3,3,highwins_91,1.382902051,0.3241842266
ATL,2005,162,90,72,55.6,0.5555555556,90,2521167,Atlanta Braves,86457302,85873582,COTS,3,3,not_highwins_90,1.2513359289,0.2242117237
ATL,2006,162,79,83,48.8,0.487654321,79,2550524,Atlanta Braves,90156876,92185986,COTS,3,3,not_highwins_90,1.2420769183,0.2167849126
ATL,2007,162,84,78,51.9,0.5185185185,84,2745207,Atlanta Braves,87290833,92634468,COTS,2,2,not_highwins_90,1,0
ATL,2008,162,72,90,44.4,0.4444444444,72,2532834,Atlanta Braves,102365683,92494314,COTS,3,3,not_highwins_90,1.264749767,0.2348742899
ATL,2009,162,86,76,53.1,0.5308641975,86,2373631,Atlanta Braves,96726166,100078591,COTS,3,3,not_highwins_90,1.1856724056,0.1703100446
ATL,2010,162,91,71,56.2,0.5617283951,91,2510119,Atlanta Braves,83890334,89226985,COTS,2,2,highwins_91,0.9279083046,-0.074822361
ATL,2011,162,89,73,54.9,0.549382716,89,2372940,Atlanta Braves,91044524,88128545,COTS,2,2,not_highwins_90,1,0
ATL,2012,162,94,68,58,0.5802469136,94,2420171,Atlanta Braves,93529667,97254832,COTS,2,2,highwins_91,0.9947927948,-0.00522081
ATL,2013,162,96,66,59.3,0.5925925926,96,2548679,Atlanta Braves,90039583,95340877,COTS,2,2,highwins_91,0.9685689268,-0.03193563
ATL,2014,162,79,83,48.8,0.487654321,79,2354305,Atlanta Braves,112008731,114699457,COTS,3,3,not_highwins_90,1.0583129482,0.056676082
ATL,2015,162,67,95,41.4,0.4135802469,67,2001392,Atlanta Braves,97086461,107539387,COTS,2,2,not_highwins_90,0.8298224619,-0.186543502
ATL,2016,161,68,93,42.2,0.4223602484,68.422360248,2020914,Atlanta Braves,86580791,108815848,COTS,1,2,not_highwins_90,0.7039495273,-0.35104862
ATL,2017,162,72,90,44.4,0.4444444444,72,2505252,Atlanta Braves,122603054,122493908,COTS,2,2,not_highwins_90,0.9053728731,-0.099408406
ATL,2018,162,90,72,55.6,0.5555555556,90,2555781,Atlanta Braves,118284851,126979738,COTS,2,2,not_highwins_90,0.8827583721,-0.12470376
ATL,2019,162,97,65,59.9,0.5987654321,97,2655100,Atlanta Braves,115247089,136147636,COTS,2,3,highwins_91,0.9371732918,-0.064887071
ATL,2020,60,35,25,58.3,0.5833333333,94.5,0,Atlanta Braves,57713264,62896993,COTS,3,3,not_highwins_90,1.0253872483,0.0250703445
ATL,2021,162,89,73,0.547,0.549382716,89,,Atlanta Braves,115354620,152753755,AW,3,3,not_highwins_90,1.4434389515,0.3670284272
ATL,2022,162,101,61,0.623,0.6234567901,101,,Atlanta Braves,143633732,179938888,AW,3,3,highwins_91,1.5907251758,0.4641899977
ATL,2023,162,104,58,0.642,0.6419753086,104,,Atlanta Braves,158186507,206239131,AW,4,3,highwins_91,1.9012530873,0.6425131884
BAL,1998,162,79,83,48.8,0.487654321,79,3684650,Baltimore Orioles,70408134,,BBCube,4,,not_highwins_90,1.55193383,0.4395017856
BAL,1999,162,78,84,48.1,0.4814814815,78,3433150,Baltimore Orioles,70818363,,BBCube,3,,not_highwins_90,1.5312676095,0.4260958953
BAL,2000,162,74,88,45.7,0.4567901235,74,3297031,Baltimore Orioles,83100000,69398275,COTS,4,3,not_highwins_90,1.3468395462,0.297760771
BAL,2001,162,63,98,38.9,0.3913043478,63,3094841,Baltimore Orioles,74279540,77196073,COTS,3,3,not_highwins_90,1.1318154611,0.1238229462
BAL,2002,162,67,95,41.4,0.4135802469,67,2682439,Baltimore Orioles,60493487,56504685,COTS,2,2,not_highwins_90,0.9534278373,-0.047691539
BAL,2003,163,71,91,43.6,0.4382716049,70.564417178,2454523,Baltimore Orioles,73877500,75502154,COTS,3,2,not_highwins_90,1.0437623622,0.0428318412
BAL,2004,162,78,84,48.1,0.4814814815,78,2744018,Baltimore Orioles,51623333,56811459,COTS,2,2,not_highwins_90,0.791617144,-0.233677408
BAL,2005,162,74,88,45.7,0.4567901235,74,2624740,Baltimore Orioles,73914333,81041711,COTS,3,3,not_highwins_90,1.069795823,0.0674678106
BAL,2006,162,70,92,43.2,0.4320987654,70,2153139,Baltimore Orioles,72585582,76138206,COTS,2,2,not_highwins_90,1,0
BAL,2007,162,69,93,42.6,0.4259259259,69,2164822,Baltimore Orioles,93554808,95269977,COTS,3,3,not_highwins_90,1.0717598261,0.0693019948
BAL,2008,161,68,93,42.2,0.4223602484,68.422360248,1950075,Baltimore Orioles,67196246,78888250,COTS,1,2,not_highwins_90,0.8302238991,-0.186059857
BAL,2009,162,64,98,39.5,0.3950617284,64,1907163,Baltimore Orioles,67101666,79308066,COTS,1,2,not_highwins_90,0.8225343466,-0.195365038
BAL,2010,162,66,96,40.7,0.4074074074,66,1733018,Baltimore Orioles,73812500,73231289,COTS,1,1,not_highwins_90,0.8164377046,-0.202804665
BAL,2011,162,69,93,42.6,0.4259259259,69,1755461,Baltimore Orioles,86942583,86856480,COTS,2,2,not_highwins_90,0.9549457692,-0.046100726
BAL,2012,162,93,69,57.4,0.5740740741,93,2102240,Baltimore Orioles,84102333,89060253,COTS,2,2,highwins_91,0.8945225358,-0.111465183
BAL,2013,162,85,77,52.5,0.524691358,85,2357561,Baltimore Orioles,92238333,103299013,COTS,2,3,not_highwins_90,0.9922212013,-0.007809211
BAL,2014,162,96,66,59.3,0.5925925926,96,2464473,Baltimore Orioles,107976153,112707105,COTS,2,3,highwins_91,1.0202111907,0.0200096555
BAL,2015,162,81,81,50,0.5,81,2281202,Baltimore Orioles,118975833,124715044,COTS,3,3,not_highwins_90,1.0169164437,0.0167749541
BAL,2016,162,89,73,54.9,0.549382716,89,2172344,Baltimore Orioles,147693713,152143130,COTS,3,3,not_highwins_90,1.2008312496,0.183014025
BAL,2017,162,75,87,46.3,0.462962963,75,2028424,Baltimore Orioles,164326172,167413907,COTS,3,3,not_highwins_90,1.2134808524,0.1934929672
BAL,2018,162,47,115,29,0.2901234568,47,1564192,Baltimore Orioles,148574615,136940695,COTS,3,2,not_highwins_90,1.1088105042,0.1032878229
BAL,2019,162,54,108,33.3,0.3333333333,54,1307807,Baltimore Orioles,80239882,82784110,COTS,1,1,not_highwins_90,0.6524995555,-0.426944821
BAL,2020,60,25,35,41.7,0.4166666667,67.5,0,Baltimore Orioles,23770983,23487072,COTS,1,1,not_highwins_90,0.4223372785,-0.861951046
BAL,2021,162,52,110,0.321,0.3209876543,52,,Baltimore Orioles,13838690,42421870,AW,1,1,not_highwins_90,0.1731643187,-1.753514316
BAL,2022,162,83,79,0.512,0.512345679,83,,Baltimore Orioles,25488146,44888388,AW,1,1,not_highwins_90,0.2822779507,-1.264863053
BAL,2023,162,101,61,0.623,0.6234567901,101,,Baltimore Orioles,53159734,71061047,AW,1,1,highwins_91,0.638930022,-0.447960342
BOS,1998,162,92,70,56.8,0.5679012346,92,2314704,Boston Red Sox,51647000,,BBCube,3,,highwins_91,1.1384015165,0.1296250999
BOS,1999,162,94,68,58,0.5802469136,94,2446162,Boston Red Sox,71720000,,BBCube,4,,highwins_91,1.5507632244,0.4387472126
BOS,2000,162,85,77,52.5,0.524691358,85,2585895,Boston Red Sox,81200000,75525525,COTS,4,3,not_highwins_90,1.3160453809,0.2746313163
BOS,2001,161,82,79,50.9,0.5093167702,82.50931677,2625333,Boston Red Sox,110035883,114331641,COTS,4,4,not_highwins_90,1.6766435771,0.5167939242
BOS,2002,162,93,69,57.4,0.5740740741,93,2650862,Boston Red Sox,108366060,110249535,COTS,4,4,highwins_91,1.7079395377,0.5352876953
BOS,2003,162,95,67,58.6,0.5864197531,95,2724165,Boston Red Sox,99946500,104873607,COTS,4,4,highwins_91,1.4120726194,0.3450585679
BOS,2004,162,98,64,60.5,0.6049382716,98,2837294,Boston Red Sox,127298500,130395386,COTS,4,4,highwins_91,1.9520567376,0.668883554
BOS,2005,162,95,67,58.6,0.5864197531,95,2847888,Boston Red Sox,123505125,116640070,COTS,4,4,highwins_91,1.7875459532,0.5808437034
BOS,2006,162,86,76,53.1,0.5308641975,86,2930588,Boston Red Sox,120099824,137497097,COTS,4,4,not_highwins_90,1.6545961428,0.5035569566
BOS,2007,162,96,66,59.3,0.5925925926,96,2970755,Boston Red Sox,143026214,155402595,COTS,4,4,highwins_91,1.6385021094,0.4937824765
BOS,2008,162,95,67,58.6,0.5864197531,95,3048250,Boston Red Sox,133390035,147075645,COTS,4,4,highwins_91,1.6480622289,0.499600191
BOS,2009,162,95,67,58.6,0.5864197531,95,3062699,Boston Red Sox,121745999,140454683,COTS,4,4,highwins_91,1.4923663108,0.4003629883
BOS,2010,162,89,73,54.9,0.549382716,89,3046443,Boston Red Sox,168109833,170650856,COTS,4,4,not_highwins_90,1.8594574927,0.6202847746
BOS,2011,162,90,72,55.6,0.5555555556,90,3054001,Boston Red Sox,163822475,174116280,COTS,4,4,not_highwins_90,1.7993665934,0.5874347104
BOS,2012,162,69,93,42.6,0.4259259259,69,3043003,Boston Red Sox,175249119,168614614,COTS,4,4,not_highwins_90,1.8639707214,0.6227090088
BOS,2013,162,97,65,59.9,0.5987654321,97,2833333,Boston Red Sox,154555500,176481441,COTS,4,4,highwins_91,1.6625760558,0.5083682403
BOS,2014,162,71,91,43.8,0.4382716049,71,2956089,Boston Red Sox,156350125,168178367,COTS,4,4,not_highwins_90,1.4772719972,0.3901971417
BOS,2015,162,78,84,48.1,0.4814814815,78,2880694,Boston Red Sox,184345996,185568958,COTS,4,4,not_highwins_90,1.5756517095,0.4546689705
BOS,2016,162,93,69,57.4,0.5740740741,93,2955434,Boston Red Sox,197899679,200563162,COTS,4,4,highwins_91,1.6090334112,0.475633633
BOS,2017,162,93,69,57.4,0.5740740741,93,2917678,Boston Red Sox,197041179,189218620,COTS,4,4,highwins_91,1.4550676556,0.3750523982
BOS,2018,162,108,54,66.7,0.6666666667,108,2895575,Boston Red Sox,233752429,230396923,COTS,4,4,highwins_91,1.7444914709,0.5564630925
BOS,2019,162,84,78,51.9,0.5185185185,84,2924627,Boston Red Sox,236171429,228403219,COTS,4,4,not_highwins_90,1.9205131988,0.6525924414
BOS,2020,60,24,36,40,0.4,64.8,0,Boston Red Sox,73931812,64338341,COTS,4,3,not_highwins_90,1.3135409786,0.2727265277
BOS,2021,162,92,70,0.568,0.5679012346,92,,Boston Red Sox,141452731,187100784,AW,4,4,highwins_91,1.7700061057,0.5709829961
BOS,2022,162,78,84,0.481,0.4814814815,78,,Boston Red Sox,109769156,211812131,AW,3,4,not_highwins_90,1.2156793362,0.195303045
BOS,2023,162,78,84,0.481,0.4814814815,78,,Boston Red Sox,128063857,182926796,AW,3,3,not_highwins_90,1.5392071556,0.4312674498
CHA,1998,163,80,82,49.1,0.4938271605,79.509202454,1391146,Chicago White Sox,36840000,,BBCube,2,,not_highwins_90,0.8120260977,-0.208222799
CHA,1999,162,75,86,46.3,0.4658385093,75,1338851,Chicago White Sox,24550000,,BBCube,1,,not_highwins_90,0.5308315276,-0.633310582
CHA,2000,162,95,67,58.6,0.5864197531,95,1947799,Chicago White Sox,31200000,35677812,COTS,1,1,highwins_91,0.5056726094,-0.681865836
CHA,2001,162,83,79,51.2,0.512345679,83,1766172,Chicago White Sox,65628667,62858544,COTS,2,2,not_highwins_90,1,0
CHA,2002,162,81,81,50,0.5,81,1676911,Chicago White Sox,57052833,54534084,COTS,2,2,not_highwins_90,0.899200259,-0.106249512
CHA,2003,162,86,76,53.1,0.5308641975,86,1939524,Chicago White Sox,51010000,71336029,COTS,2,2,not_highwins_90,0.720683809,-0.327554783
CHA,2004,162,83,79,51.2,0.512345679,83,1930537,Chicago White Sox,65212500,64615141,COTS,2,2,not_highwins_90,1,0
CHA,2005,162,99,63,61.1,0.6111111111,99,2342833,Chicago White Sox,75178000,73162000,COTS,3,3,highwins_91,1.0880854513,0.0844196851
CHA,2006,162,90,72,55.6,0.5555555556,90,2957414,Chicago White Sox,102750667,96913615,COTS,4,3,not_highwins_90,1.4155795706,0.3475390378
CHA,2007,162,72,90,44.4,0.4444444444,72,2684395,Chicago White Sox,108671833,100189832,COTS,4,3,not_highwins_90,1.2449398094,0.2190871829
CHA,2008,163,89,74,54.6,0.5460122699,88.45398773,2500648,Chicago White Sox,121189332,113641026,COTS,4,3,not_highwins_90,1.4973199505,0.4036768104
CHA,2009,162,79,83,48.8,0.487654321,79,2284163,Chicago White Sox,96068500,105287384,COTS,3,3,not_highwins_90,1.177610715,0.1634875679
CHA,2010,162,88,74,54.3,0.5432098765,88,2194378,Chicago White Sox,103080000,112197078,COTS,3,3,not_highwins_90,1.1401645872,0.1311726267
CHA,2011,162,79,83,48.8,0.487654321,79,2001117,Chicago White Sox,127789000,125814762,COTS,4,4,not_highwins_90,1.4035879851,0.3390318047
CHA,2012,162,85,77,52.5,0.524691358,85,1965955,Chicago White Sox,97669500,101763212,COTS,3,3,not_highwins_90,1.0388245568,0.0380898401
CHA,2013,162,63,99,38.9,0.3888888889,63,1768413,Chicago White Sox,118914500,116740909,COTS,3,3,not_highwins_90,1.2791806205,0.2462197327
CHA,2014,162,73,89,45.1,0.450617284,73,1650821,Chicago White Sox,90062659,92472106,COTS,2,2,not_highwins_90,0.85095579,-0.161395102
CHA,2015,162,76,86,46.9,0.4691358025,76,1755810,Chicago White Sox,118619378,120366643,COTS,2,2,not_highwins_90,1.0138697329,0.0137744284
CHA,2016,162,78,84,48.1,0.4814814815,78,1746293,Chicago White Sox,114498667,124423259,COTS,2,2,not_highwins_90,0.9309372388,-0.071563417
CHA,2017,162,67,95,41.4,0.4135802469,67,1629470,Chicago White Sox,97823271,87809300,COTS,1,1,not_highwins_90,0.7223844189,-0.325197846
CHA,2018,162,62,100,38.3,0.3827160494,62,1608817,Chicago White Sox,71217000,71604110,COTS,1,1,not_highwins_90,0.5314915854,-0.632067913
CHA,2019,161,72,89,44.7,0.4472049689,72.447204969,1649775,Chicago White Sox,88902000,97304607,COTS,1,1,not_highwins_90,0.7229386938,-0.324430855
CHA,2020,60,35,25,58.3,0.5833333333,94.5,0,Chicago White Sox,50204444,52591640,COTS,2,2,not_highwins_90,0.8919786046,-0.114313133
CHA,2021,162,93,69,0.574,0.5740740741,93,,Chicago White Sox,125829369,140926169,AW,3,2,highwins_91,1.5745100843,0.4539441663
CHA,2022,162,81,81,0.5,0.5,81,,Chicago White Sox,154697729,203205326,AW,4,4,not_highwins_90,1.7132575248,0.5383965436
CHA,2023,162,61,101,0.377,0.3765432099,61,,Chicago White Sox,93892616,162863836,AW,3,2,not_highwins_90,1.1285009666,0.1208901738
CHN,1998,163,90,73,55.2,0.5521472393,89.447852761,2623194,Chicago Cubs,49383000,,BBCube,3,,not_highwins_90,1.0884985011,0.0847992247
CHN,1999,162,67,95,41.4,0.4135802469,67,2813854,Chicago Cubs,55368500,,BBCube,3,,not_highwins_90,1.19720348,0.1799884038
CHN,2000,162,65,97,40.1,0.4012345679,65,2789511,Chicago Cubs,62100000,59480018,COTS,3,3,not_highwins_90,1.0064829822,0.006462058
CHN,2001,162,88,74,54.3,0.5432098765,88,2779465,Chicago Cubs,64715833,72896143,COTS,2,3,not_highwins_90,0.9860909258,-0.014006712
CHN,2002,162,67,95,41.4,0.4135802469,67,2693096,Chicago Cubs,75690833,74950543,COTS,3,3,not_highwins_90,1.1929506925,0.1764298116
CHN,2003,162,88,74,54.3,0.5432098765,88,2962630,Chicago Cubs,79868333,86576763,COTS,3,3,not_highwins_90,1.1284025572,0.1208029664
CHN,2004,162,89,73,54.9,0.549382716,89,3170154,Chicago Cubs,90560000,100653389,COTS,4,4,not_highwins_90,1.3886908185,0.3283614461
CHN,2005,162,79,83,48.8,0.487654321,79,3099992,Chicago Cubs,87032933,76598500,COTS,3,3,not_highwins_90,1.2596672987,0.2308476374
CHN,2006,162,66,96,40.7,0.4074074074,66,3123215,Chicago Cubs,94424499,99021384,COTS,4,4,not_highwins_90,1.3008712805,0.2630342557
CHN,2007,162,85,77,52.5,0.524691358,85,3252462,Chicago Cubs,99670332,115943318,COTS,3,4,not_highwins_90,1.1418190041,0.1326226084
CHN,2008,161,97,64,60.2,0.602484472,97.602484472,3300200,Chicago Cubs,118345833,130508691,COTS,3,4,highwins_91,1.4621879161,0.3799338867
CHN,2009,161,83,78,51.6,0.5155279503,83.51552795,3168859,Chicago Cubs,134809000,141632703,COTS,4,4,not_highwins_90,1.6524929907,0.5022850511
CHN,2010,162,75,87,46.3,0.462962963,75,3062973,Chicago Cubs,144359000,142410031,COTS,4,4,not_highwins_90,1.5967502876,0.4679704936
CHN,2011,162,71,91,43.8,0.4382716049,71,3017966,Chicago Cubs,134004000,140608942,COTS,4,4,not_highwins_90,1.4718512889,0.3865209887
CHN,2012,162,61,101,37.7,0.3765432099,61,2882756,Chicago Cubs,109316000,107708021,COTS,3,3,not_highwins_90,1.1626981325,0.1507432805
CHN,2013,162,66,96,40.7,0.4074074074,66,2642682,Chicago Cubs,106837810,100859265,COTS,3,2,not_highwins_90,1.1492699047,0.1391268753
CHN,2014,162,73,89,45.1,0.450617284,73,2652113,Chicago Cubs,92677368,93196617,COTS,2,2,not_highwins_90,0.8756608318,-0.132776441
CHN,2015,162,97,65,59.9,0.5987654321,97,2919122,Chicago Cubs,120337385,133051389,COTS,3,3,highwins_91,1.0285539719,0.0281539051
CHN,2016,162,103,58,63.6,0.6397515528,103,3232420,Chicago Cubs,171611834,181914941,COTS,4,4,highwins_91,1.3952987496,0.3331085498
CHN,2017,162,92,70,56.8,0.5679012346,92,3199562,Chicago Cubs,172199881,186222249,COTS,4,4,highwins_91,1.2716249386,0.2402955618
CHN,2018,163,95,68,58.3,0.5828220859,94.417177914,3181089,Chicago Cubs,182406139,198733661,COTS,4,4,highwins_91,1.3612947471,0.3084362668
CHN,2019,162,84,78,51.9,0.5185185185,84,3094865,Chicago Cubs,203079488,220307173,COTS,4,4,not_highwins_90,1.6514141391,0.5016319749
CHN,2020,60,34,26,56.7,0.5666666667,91.8,0,Chicago Cubs,73428704,,COTS,4,,not_highwins_90,1.3046022964,0.2658982406
CHN,2021,162,71,91,0.438,0.4382716049,71,,Chicago Cubs,33340389,144037170,AW,1,3,not_highwins_90,0.4171901926,-0.874213064
CHN,2022,162,74,88,0.457,0.4567901235,74,,Chicago Cubs,83228504,151054737,AW,2,3,not_highwins_90,0.9217450164,-0.081486649
CHN,2023,162,83,79,0.512,0.512345679,83,,Chicago Cubs,134251105,188909358,AW,3,3,not_highwins_90,1.6135720593,0.4784503918
CIN,1998,162,77,85,47.5,0.475308642,77,1793649,Cincinnati Reds,21995000,,BBCube,1,,not_highwins_90,0.4848130841,-0.723991856
CIN,1999,163,96,67,58.9,0.5889570552,95.411042945,2061222,Cincinnati Reds,42142761,,BBCube,2,,highwins_91,0.911230395,-0.09295951
CIN,2000,163,85,77,52.1,0.524691358,84.478527607,2577371,Cincinnati Reds,44200000,42317800,COTS,1,1,not_highwins_90,0.71636953,-0.333559142
CIN,2001,162,66,96,40.7,0.4074074074,66,1879757,Cincinnati Reds,48986000,43964870,COTS,1,1,not_highwins_90,0.7464116253,-0.292478054
CIN,2002,162,78,84,48.1,0.4814814815,78,1855787,Cincinnati Reds,45050390,46310698,COTS,1,1,not_highwins_90,0.7100317412,-0.342445604
CIN,2003,162,69,93,42.6,0.4259259259,69,2355259,Cincinnati Reds,59355667,65083196,COTS,2,2,not_highwins_90,0.8385937694,-0.176028874
CIN,2004,162,76,86,46.9,0.4691358025,76,2287250,Cincinnati Reds,46615250,46264032,COTS,1,1,not_highwins_90,0.7148207782,-0.335723428
CIN,2005,163,73,89,44.8,0.450617284,72.552147239,1943067,Cincinnati Reds,61892583,49501275,COTS,2,1,not_highwins_90,0.8957995571,-0.1100386
CIN,2006,162,80,82,49.4,0.4938271605,80,2134607,Cincinnati Reds,60909519,63697573,COTS,1,1,not_highwins_90,0.8391407401,-0.175376839
CIN,2007,162,72,90,44.4,0.4444444444,72,2058593,Cincinnati Reds,68904980,73072635,COTS,2,2,not_highwins_90,0.7893724648,-0.236516998
CIN,2008,162,74,88,45.7,0.4567901235,74,2058632,Cincinnati Reds,74117695,82886440,COTS,2,2,not_highwins_90,0.9157398723,-0.088022937
CIN,2009,162,78,84,48.1,0.4814814815,78,1747919,Cincinnati Reds,73558500,72693206,COTS,2,1,not_highwins_90,0.9016824222,-0.103492903
CIN,2010,162,91,71,56.2,0.5617283951,91,2060550,Cincinnati Reds,76151500,82451340,COTS,2,2,highwins_91,0.8423093089,-0.171607982
CIN,2011,162,79,83,48.8,0.487654321,79,2213588,Cincinnati Reds,80826667,81621587,COTS,2,2,not_highwins_90,0.8877707681,-0.119041713
CIN,2012,162,97,65,59.9,0.5987654321,97,2347251,Cincinnati Reds,87826167,88106393,COTS,2,2,highwins_91,0.9341296824,-0.068140004
CIN,2013,162,90,72,55.6,0.5555555556,90,2534369,Cincinnati Reds,106855533,116137930,COTS,3,3,not_highwins_90,1.1494605536,0.1392927485
CIN,2014,162,76,86,46.9,0.4691358025,76,2476664,Cincinnati Reds,114170439,115358029,COTS,3,3,not_highwins_90,1.0787378164,0.0757916692
CIN,2015,162,64,98,39.5,0.3950617284,64,2419506,Cincinnati Reds,115373953,118858360,COTS,2,2,not_highwins_90,0.9861302671,-0.013966816
CIN,2016,162,68,94,42,0.4197530864,68,1894085,Cincinnati Reds,89871228,91874487,COTS,1,1,not_highwins_90,0.7307025928,-0.313748752
CIN,2017,162,68,94,42,0.4197530864,68,1836917,Cincinnati Reds,95375786,99951375,COTS,1,1,not_highwins_90,0.7043107539,-0.350535608
CIN,2018,162,67,95,41.4,0.4135802469,67,1629356,Cincinnati Reds,101337500,101177169,COTS,2,1,not_highwins_90,0.7562805024,-0.279342937
CIN,2019,162,75,87,46.3,0.462962963,75,1808685,Cincinnati Reds,126673214,135364998,COTS,3,2,not_highwins_90,1.0300889504,0.0296451582
CIN,2020,60,31,29,51.7,0.5166666667,83.7,0,Cincinnati Reds,55446457,57693627,COTS,2,3,not_highwins_90,0.9851130578,-0.014998865
CIN,2021,162,83,79,0.512,0.512345679,83,,Cincinnati Reds,85325437,126587447,AW,3,2,not_highwins_90,1.0676820687,0.0654900078
CIN,2022,162,62,100,0.383,0.3827160494,62,,Cincinnati Reds,22546012,115467321,AW,1,2,not_highwins_90,0.2496941937,-1.387518335
CIN,2023,162,82,80,0.506,0.5061728395,82,,Cincinnati Reds,44815845,96577288,AW,1,1,not_highwins_90,0.5386443211,-0.618699813
CLE,1998,162,89,73,54.9,0.549382716,89,3467299,Cleveland Indians,59033499,,BBCube,4,,not_highwins_90,1.3012144904,0.2632980517
CLE,1999,162,97,65,59.9,0.5987654321,97,3468456,Cleveland Indians,73853962,,BBCube,4,,highwins_91,1.5969047441,0.4680672207
CLE,2000,162,90,72,55.6,0.5555555556,90,3456278,Cleveland Indians,76500000,78388987,COTS,3,4,not_highwins_90,1.2398703404,0.2150068099
CLE,2001,162,91,71,56.2,0.5617283951,91,3175523,Cleveland Indians,93360000,95303917,COTS,4,4,highwins_91,1.4225490821,0.3524503905
CLE,2002,162,74,88,45.7,0.4567901235,74,2616940,Cleveland Indians,78909499,74888365,COTS,3,3,not_highwins_90,1.2436795547,0.2180743684
CLE,2003,162,68,94,42,0.4197530864,68,1730002,Cleveland Indians,48584834,58108824,COTS,1,1,not_highwins_90,0.686420373,-0.37626505
CLE,2004,162,80,82,49.4,0.4938271605,80,1814401,Cleveland Indians,34319300,42642627,COTS,1,1,not_highwins_90,0.5262687368,-0.64194329
CLE,2005,162,93,69,57.4,0.5740740741,93,2013763,Cleveland Indians,41502500,40684100,COTS,1,1,highwins_91,0.6006845945,-0.509685283
CLE,2006,162,78,84,48.1,0.4814814815,78,1997995,Cleveland Indians,56031500,52414602,COTS,1,1,not_highwins_90,0.7719370494,-0.258852274
CLE,2007,162,96,66,59.3,0.5925925926,96,2275912,Cleveland Indians,61673267,71887236,COTS,1,1,highwins_91,0.7065262741,-0.347394888
CLE,2008,162,81,81,50,0.5,81,2169760,Cleveland Indians,78970066,78663582,COTS,2,2,not_highwins_90,0.9756919472,-0.02460837
CLE,2009,162,65,97,40.1,0.4012345679,65,1766242,Cleveland Indians,81579166,77192253,COTS,2,2,not_highwins_90,1,0
CLE,2010,162,69,93,42.6,0.4259259259,69,1394812,Cleveland Indians,61453967,60500460,COTS,1,1,not_highwins_90,0.6797403659,-0.386044369
CLE,2011,162,80,82,49.4,0.4938271605,80,1840835,Cleveland Indians,49426567,53533393,COTS,1,1,not_highwins_90,0.5428834688,-0.610860588
CLE,2012,162,68,94,42,0.4197530864,68,1603596,Cleveland Indians,65430300,69172878,COTS,1,1,not_highwins_90,0.6959245455,-0.362514036
CLE,2013,162,92,70,56.8,0.5679012346,92,1572926,Cleveland Indians,80605733,88964754,COTS,1,2,highwins_91,0.8670876264,-0.142615239
CLE,2014,162,85,77,52.5,0.524691358,85,1437393,Cleveland Indians,85416235,83697546,COTS,1,1,not_highwins_90,0.807054117,-0.214364554
CLE,2015,161,81,80,50.3,0.5031055901,81.50310559,1388905,Cleveland Indians,87997101,86962179,COTS,1,1,not_highwins_90,0.7521334102,-0.284841564
CLE,2016,161,94,67,58.4,0.5838509317,94.583850932,1591667,Cleveland Indians,96304400,100434413,COTS,1,2,highwins_91,0.7830078251,-0.244612589
CLE,2017,162,102,60,63,0.6296296296,102,2048138,Cleveland Indians,124116166,136096914,COTS,2,2,highwins_91,0.9165465797,-0.087142389
CLE,2018,162,91,71,56.2,0.5617283951,91,1926701,Cleveland Indians,134851565,146108675,COTS,2,2,highwins_91,1.0063955527,0.006375188
CLE,2019,162,93,69,57.4,0.5740740741,93,1738642,Cleveland Indians,119575032,123127347,COTS,2,2,highwins_91,0.9723675221,-0.028021437
CLE,2020,60,35,25,58.3,0.5833333333,94.5,0,Cleveland Indians,36186740,36441612,COTS,1,1,not_highwins_90,0.6429271052,-0.441723928
CLE,2021,162,80,82,0.494,0.4938271605,80,,Cleveland Indians,35682311,50670534,AW,1,1,not_highwins_90,0.4464947964,-0.806327533
CLE,2022,162,92,70,0.568,0.5679012346,92,,Cleveland Guardians,56507878,66477492,AW,2,1,highwins_91,0.6258175076,-0.468696472
CLE,2023,162,76,86,0.469,0.4691358025,76,,Cleveland Guardians,54881912,91861627,AW,2,1,not_highwins_90,0.6596289823,-0.41607775
COL,1998,162,77,85,47.5,0.475308642,77,3792683,Colorado Rockies,47433333,,BBCube,3,,not_highwins_90,1.0455240037,0.0445181987
COL,1999,162,72,90,44.4,0.4444444444,72,3481065,Colorado Rockies,54392504,,BBCube,3,,not_highwins_90,1.1761000402,0.1622039141
COL,2000,162,82,80,50.6,0.5061728395,82,3295129,Colorado Rockies,64100000,63986567,COTS,3,3,not_highwins_90,1.038897893,0.038160433
COL,2001,162,73,89,45.1,0.450617284,73,3166821,Colorado Rockies,71541333,68624989,COTS,3,2,not_highwins_90,1.0900927334,0.0862627691
COL,2002,162,73,89,45.1,0.450617284,73,2737838,Colorado Rockies,56851043,56509185,COTS,2,2,not_highwins_90,0.8960198802,-0.109792679
COL,2003,162,74,88,45.7,0.4567901235,74,2334085,Colorado Rockies,67179667,78738492,COTS,2,2,not_highwins_90,0.9491334699,-0.052205848
COL,2004,162,68,94,42,0.4197530864,68,2338069,Colorado Rockies,65445167,69486511,COTS,3,3,not_highwins_90,1.0035678283,0.0035614787
COL,2005,162,67,95,41.4,0.4135802469,67,1914389,Colorado Rockies,48155000,32504000,COTS,1,1,not_highwins_90,0.6969692584,-0.361013975
COL,2006,162,76,86,46.9,0.4691358025,76,2104362,Colorado Rockies,41233000,53238293,COTS,1,1,not_highwins_90,0.5680604724,-0.5655274
COL,2007,163,90,73,55.2,0.5521472393,89.447852761,2376250,Colorado Rockies,54424000,61348681,COTS,1,1,not_highwins_90,0.6234789855,-0.472440219
COL,2008,162,74,88,45.7,0.4567901235,74,2650218,Colorado Rockies,68655500,74791621,COTS,2,1,not_highwins_90,0.8482532923,-0.164575994
COL,2009,162,92,70,56.8,0.5679012346,92,2665080,Colorado Rockies,75201000,84450797,COTS,2,2,highwins_91,0.9218162392,-0.081409382
COL,2010,162,83,79,51.2,0.512345679,83,2875245,Colorado Rockies,84268333,87974390,COTS,2,2,not_highwins_90,0.9320893394,-0.070326611
COL,2011,162,73,89,45.1,0.450617284,73,2909777,Colorado Rockies,82311404,96145529,COTS,2,2,not_highwins_90,0.9040785803,-0.100838997
COL,2012,162,64,98,39.5,0.3950617284,64,2630458,Colorado Rockies,81135571,84194072,COTS,2,2,not_highwins_90,0.8629676981,-0.147378018
COL,2013,162,74,88,45.7,0.4567901235,74,2793828,Colorado Rockies,73949071,78836045,COTS,1,1,not_highwins_90,0.7954809424,-0.228808388
COL,2014,162,66,96,40.7,0.4074074074,66,2680329,Colorado Rockies,93581071,97975929,COTS,2,2,not_highwins_90,0.8841994572,-0.123072612
COL,2015,162,68,94,42,0.4197530864,68,2506789,Colorado Rockies,97069630,107665140,COTS,1,2,not_highwins_90,0.8296786031,-0.186716878
COL,2016,162,75,87,46.3,0.462962963,75,2602524,Colorado Rockies,112645071,109957896,COTS,2,2,not_highwins_90,0.9158664822,-0.087884687
COL,2017,162,87,75,53.7,0.537037037,87,2953650,Colorado Rockies,127828571,142686009,COTS,2,2,not_highwins_90,0.9439611561,-0.057670262
COL,2018,163,91,72,55.8,0.5582822086,90.441717791,3015880,Colorado Rockies,136953500,147574463,COTS,3,3,highwins_91,1.0220822675,0.0218419851
COL,2019,162,71,91,43.8,0.4382716049,71,2993244,Colorado Rockies,145248500,151889647,COTS,3,3,not_highwins_90,1.1811405916,0.1664805746
COL,2020,60,26,34,43.3,0.4333333333,70.2,0,Colorado Rockies,53590185,57342920,COTS,2,3,not_highwins_90,0.9521328119,-0.049050746
COL,2021,162,75,87,0.46,0.462962963,75,,Colorado Rockies,79895422,116408966,AW,2,2,not_highwins_90,0.9997359808,-0.000264054
COL,2022,162,68,94,0.42,0.4197530864,68,,Colorado Rockies,66960029,140012218,AW,2,2,not_highwins_90,0.7415737405,-0.298980675
COL,2023,162,59,103,0.364,0.3641975309,59,,Colorado Rockies,75181741,171026607,AW,2,3,not_highwins_90,0.903613841,-0.101353177
DET,1998,162,65,97,40.1,0.4012345679,65,1409391,Detroit Tigers,22625000,,BBCube,1,,not_highwins_90,0.4986995239,-0.695751521
DET,1999,161,69,92,42.9,0.4285714286,69.428571429,2026441,Detroit Tigers,34959666,,BBCube,1,,not_highwins_90,0.7559141714,-0.279827439
DET,2000,162,79,83,48.8,0.487654321,79,2438617,Detroit Tigers,61700000,54806803,COTS,2,2,not_highwins_90,1,0
DET,2001,162,66,96,40.7,0.4074074074,66,1921305,Detroit Tigers,49456167,51101480,COTS,2,2,not_highwins_90,0.7535756745,-0.282925835
DET,2002,161,55,106,34.2,0.3416149068,55.341614907,1503623,Detroit Tigers,55048000,54390870,COTS,2,2,not_highwins_90,0.8676024179,-0.142021713
DET,2003,162,43,119,26.5,0.2654320988,43,1368245,Detroit Tigers,49168000,59006941,COTS,1,1,not_highwins_90,0.6946595083,-0.36433347
DET,2004,162,72,90,44.4,0.4444444444,72,1917004,Detroit Tigers,46832000,60288197,COTS,1,2,not_highwins_90,0.7181445275,-0.331084438
DET,2005,162,71,91,43.8,0.4382716049,71,2024431,Detroit Tigers,69092000,68751682,COTS,2,2,not_highwins_90,1,0
DET,2006,162,95,67,58.6,0.5864197531,95,2595937,Detroit Tigers,82612866,89763276,COTS,3,3,highwins_91,1.1381442943,0.129399124
DET,2007,162,88,74,54.3,0.5432098765,88,3047133,Detroit Tigers,95180369,98519780,COTS,3,3,not_highwins_90,1.0903821825,0.0865282609
DET,2008,162,74,88,45.7,0.4567901235,74,3202645,Detroit Tigers,137685196,136198404,COTS,4,4,not_highwins_90,1.7011298558,0.5312926513
DET,2009,163,86,77,52.8,0.527607362,85.472392638,2567165,Detroit Tigers,115085145,139429408,COTS,4,4,not_highwins_90,1.4107173515,0.344098335
DET,2010,162,81,81,50,0.5,81,2461237,Detroit Tigers,133995400,135913308,COTS,4,4,not_highwins_90,1.482118839,0.3934727119
DET,2011,162,95,67,58.6,0.5864197531,95,2642045,Detroit Tigers,106953000,113230923,COTS,3,3,highwins_91,1.1747329252,0.161040824
DET,2012,162,88,74,54.3,0.5432098765,88,3028033,Detroit Tigers,133995400,140701213,COTS,4,4,not_highwins_90,1.4251912011,0.354305981
DET,2013,162,93,69,57.4,0.5740740741,93,3083397,Detroit Tigers,148693600,154728724,COTS,4,4,highwins_91,1.5995187425,0.4697027981
DET,2014,162,90,72,55.6,0.5555555556,90,2917209,Detroit Tigers,163635500,173291085,COTS,4,4,not_highwins_90,1.5461077623,0.4357406517
DET,2015,161,74,87,46,0.4596273292,74.459627329,2726048,Detroit Tigers,172792250,164010992,COTS,4,4,not_highwins_90,1.4768989292,0.3899445714
DET,2016,161,86,75,53.4,0.5341614907,86.534161491,2493859,Detroit Tigers,198593000,199316863,COTS,4,4,not_highwins_90,1.6146704928,0.4791309067
DET,2017,162,64,98,39.5,0.3950617284,64,2321599,Detroit Tigers,199750600,190815585,COTS,4,4,not_highwins_90,1.4750756097,0.3887092493
DET,2018,162,64,98,39.5,0.3950617284,64,1856970,Detroit Tigers,125286000,133020546,COTS,2,2,not_highwins_90,0.9350078601,-0.067200343
DET,2019,161,47,114,29.2,0.2919254658,47.291925466,1501430,Detroit Tigers,115118500,117097633,COTS,2,2,not_highwins_90,0.936127624,-0.066003461
DET,2020,58,23,35,39.7,0.3965517241,64.24137931,0,Detroit Tigers,43442519,44920345,COTS,2,2,not_highwins_90,0.7718399884,-0.258978019
DET,2021,162,77,85,0.475,0.475308642,77,,Detroit Tigers,61408153,86348945,AW,2,1,not_highwins_90,0.7684037274,-0.263439997
DET,2022,162,66,96,0.407,0.4074074074,66,,Detroit Tigers,105762860,136287588,AW,3,2,not_highwins_90,1.1713101214,0.1581228842
DET,2023,162,78,84,0.481,0.4814814815,78,,Detroit Tigers,82493535,121494514,AW,2,2,not_highwins_90,0.9914947304,-0.008541646
HOU,1998,162,102,60,63,0.6296296296,102,2458451,Houston Astros,40629000,,BBCube,2,,highwins_91,0.8955431141,-0.110324913
HOU,1999,162,97,65,59.9,0.5987654321,97,2706017,Houston Astros,55289000,,BBCube,3,,highwins_91,1.195484494,0.1785515376
HOU,2000,162,72,90,44.4,0.4444444444,72,3056139,Houston Astros,52400000,50145545,COTS,2,2,not_highwins_90,0.8492706645,-0.16337734
HOU,2001,162,93,69,57.4,0.5740740741,93,2904277,Houston Astros,60897667,66443169,COTS,2,2,highwins_91,0.9279125995,-0.074817732
HOU,2002,162,84,78,51.9,0.5185185185,84,2517357,Houston Astros,63448417,65412960,COTS,2,2,not_highwins_90,1,0
HOU,2003,162,87,75,53.7,0.537037037,87,2454241,Houston Astros,71040000,79946964,COTS,3,3,not_highwins_90,1.0036733541,0.0036666238
HOU,2004,162,92,70,56.8,0.5679012346,92,3087872,Houston Astros,75397000,81903157,COTS,3,3,highwins_91,1.1561740464,0.1451163181
HOU,2005,163,89,73,54.6,0.549382716,88.45398773,2804760,Houston Astros,76779000,76186763,COTS,3,3,not_highwins_90,1.1112574538,0.1054922154
HOU,2006,162,82,80,50.6,0.5061728395,82,3022763,Houston Astros,92551503,107659635,COTS,3,4,not_highwins_90,1.275067313,0.2429989717
HOU,2007,162,73,89,45.1,0.450617284,73,3020405,Houston Astros,87759000,97213020,COTS,3,3,not_highwins_90,1.0053633009,0.0053489696
HOU,2008,161,86,75,53.4,0.5341614907,86.534161491,2779487,Houston Astros,88930414,100189948,COTS,3,3,not_highwins_90,1.0987541634,0.0941769592
HOU,2009,162,74,88,45.7,0.4567901235,74,2521076,Houston Astros,102996414,108059086,COTS,3,3,not_highwins_90,1.2625333042,0.2331202613
HOU,2010,162,76,86,46.9,0.4691358025,76,2331490,Houston Astros,92605500,90119188,COTS,3,2,not_highwins_90,1.0243064773,0.0240157761
HOU,2011,162,56,106,34.6,0.3456790123,56,2067016,Houston Astros,76969000,81139621,COTS,2,2,not_highwins_90,0.8453995542,-0.167945918
HOU,2012,162,55,107,34,0.3395061728,55,1607733,Houston Astros,60799000,63941672,COTS,1,1,not_highwins_90,0.6466654813,-0.435926149
HOU,2013,162,51,111,31.5,0.3148148148,51,1651883,Houston Astros,26105600,29270160,COTS,1,1,not_highwins_90,0.2808217468,-1.270035164
HOU,2014,162,70,92,43.2,0.4320987654,70,1751829,Houston Astros,50485800,54689189,COTS,1,1,not_highwins_90,0.4770143842,-0.740208633
HOU,2015,162,86,76,53.1,0.5308641975,86,2153585,Houston Astros,72464200,82395216,COTS,1,1,not_highwins_90,0.6193697888,-0.479052788
HOU,2016,162,84,78,51.9,0.5185185185,84,2306623,Houston Astros,96893700,103697860,COTS,2,2,not_highwins_90,0.7877991587,-0.238512096
HOU,2017,162,101,61,62.3,0.6234567901,101,2403671,Houston Astros,124343900,134076102,COTS,2,2,highwins_91,0.9182283012,-0.085309225
HOU,2018,162,103,59,63.6,0.6358024691,103,2980549,Houston Astros,160393900,163824115,COTS,3,3,highwins_91,1.1970176812,0.1798331977
HOU,2019,162,107,55,66,0.6604938272,107,2857367,Houston Astros,158053000,169831987,COTS,3,3,highwins_91,1.2852650039,0.2509649258
HOU,2020,60,29,31,48.3,0.4833333333,78.3,0,Houston Astros,76971626,81422510,COTS,4,4,not_highwins_90,1.3675491267,0.3130201792
HOU,2021,162,95,67,0.586,0.5864197531,95,,Houston Astros,146877726,194222042,AW,4,4,highwins_91,1.8378893781,0.6086178361
HOU,2022,162,106,56,0.654,0.6543209877,106,,Houston Astros,145414730,183791796,AW,4,3,highwins_91,1.6104495004,0.4765133328
HOU,2023,162,90,72,0.556,0.5555555556,90,,Houston Astros,211270410,237107748,AW,4,4,not_highwins_90,2.539271692,0.9318773045
KCA,1998,161,72,89,44.7,0.4472049689,72.447204969,1494875,Kansas City Royals,32912500,,BBCube,2,,not_highwins_90,0.7254562687,-0.320954486
KCA,1999,161,64,97,39.8,0.397515528,64.397515528,1506068,Kansas City Royals,16527000,,BBCube,1,,not_highwins_90,0.357354487,-1.029027029
KCA,2000,162,77,85,47.5,0.475308642,77,1564847,Kansas City Royals,23100000,25916297,COTS,1,1,not_highwins_90,0.3743922204,-0.982451313
KCA,2001,162,65,97,40.1,0.4012345679,65,1536371,Kansas City Royals,35422500,36127441,COTS,1,1,not_highwins_90,0.5397412689,-0.616665386
KCA,2002,162,62,100,38.3,0.3827160494,62,1323036,Kansas City Royals,47257000,49362709,COTS,1,2,not_highwins_90,0.7448097562,-0.294626454
KCA,2003,162,83,79,51.2,0.512345679,83,1779895,Kansas City Royals,40518000,48475322,COTS,1,1,not_highwins_90,0.5724498446,-0.557830155
KCA,2004,162,58,104,35.8,0.3580246914,58,1661478,Kansas City Royals,47609000,44728466,COTS,1,1,not_highwins_90,0.7300594211,-0.314629349
KCA,2005,162,56,106,34.6,0.3456790123,56,1371181,Kansas City Royals,36881000,34903000,COTS,1,1,not_highwins_90,0.533795519,-0.627742437
KCA,2006,162,62,100,38.3,0.3827160494,62,1372638,Kansas City Royals,47294000,51467137,COTS,1,1,not_highwins_90,0.6515619039,-0.42838287
KCA,2007,162,69,93,42.6,0.4259259259,69,1616867,Kansas City Royals,67166500,62264855,COTS,1,1,not_highwins_90,0.7694565133,-0.26207084
KCA,2008,162,75,87,46.3,0.462962963,75,1578922,Kansas City Royals,58245500,69297547,COTS,1,1,not_highwins_90,0.7196355301,-0.329010403
KCA,2009,162,65,97,40.1,0.4012345679,65,1797891,Kansas City Royals,70519333,81917563,COTS,2,2,not_highwins_90,0.8644282169,-0.145687012
KCA,2010,162,67,95,41.4,0.4135802469,67,1615324,Kansas City Royals,74985210,76781350,COTS,2,2,not_highwins_90,0.8294090125,-0.187041865
KCA,2011,162,71,91,43.8,0.4382716049,71,1724450,Kansas City Royals,38176000,44466470,COTS,1,1,not_highwins_90,0.4193113251,-0.869141616
KCA,2012,162,72,90,44.4,0.4444444444,72,1739859,Kansas City Royals,64001725,68609031,COTS,1,1,not_highwins_90,0.6807300499,-0.384589454
KCA,2013,162,86,76,53.1,0.5308641975,86,1750754,Kansas City Royals,81871725,86614795,COTS,2,2,not_highwins_90,0.880706087,-0.127031322
KCA,2014,162,89,73,54.9,0.549382716,89,1956482,Kansas City Royals,92185521,97747983,COTS,2,2,not_highwins_90,0.8710136223,-0.138097662
KCA,2015,162,95,67,58.6,0.5864197531,95,2708549,Kansas City Royals,112857025,128892314,COTS,2,3,highwins_91,0.9646174489,-0.036023682
KCA,2016,162,81,81,50,0.5,81,2557712,Kansas City Royals,131487125,143380023,COTS,2,2,not_highwins_90,1.0690627612,0.0667823405
KCA,2017,162,80,82,49.4,0.4938271605,80,2220370,Kansas City Royals,143005817,153634135,COTS,2,3,not_highwins_90,1.0560388439,0.0545249686
KCA,2018,162,58,104,35.8,0.3580246914,58,1665107,Kansas City Royals,122233117,126623310,COTS,2,2,not_highwins_90,0.9122242322,-0.09186945
KCA,2019,162,59,103,36.4,0.3641975309,59,1479659,Kansas City Royals,96565066,101984743,COTS,1,1,not_highwins_90,0.7852536803,-0.241748454
KCA,2020,60,26,34,43.3,0.4333333333,70.2,0,Kansas City Royals,34199019,39188531,COTS,1,1,not_highwins_90,0.6076114147,-0.498219722
KCA,2021,162,74,88,0.457,0.4567901235,74,,Kansas City Royals,52514932,91595545,AW,2,2,not_highwins_90,0.6571223448,-0.41988506
KCA,2022,162,65,97,0.401,0.4012345679,65,,Kansas City Royals,62728828,92613711,AW,2,1,not_highwins_90,0.6947137316,-0.364255415
KCA,2023,162,56,106,0.346,0.3456790123,56,,Kansas City Royals,54242001,96083853,AW,1,1,not_highwins_90,0.6519378537,-0.427806038
LAA,2005,162,95,67,58.6,0.5864197531,95,3404686,Los Angeles Angels of Anaheim,97725322,96951322,COTS,4,4,highwins_91,1.414423117,0.3467217568
LAA,2006,162,89,73,54.9,0.549382716,89,3406790,Los Angeles Angels of Anaheim,103472000,104016671,COTS,4,4,not_highwins_90,1.4255172604,0.3545347376
LAA,2007,162,94,68,58,0.5802469136,94,3365632,Los Angeles Angels of Anaheim,109251333,111038577,COTS,4,4,highwins_91,1.2515785363,0.2244055837
LAA,2008,162,100,62,61.7,0.6172839506,100,3336747,Los Angeles Angels of Anaheim,119216333,128142467,COTS,4,4,highwins_91,1.4729431286,0.3872625275
LAA,2009,162,97,65,59.9,0.5987654321,97,3240386,Los Angeles Angels of Anaheim,112869000,121947524,COTS,4,3,highwins_91,1.383551776,0.3246539434
LAA,2010,162,80,82,49.4,0.4938271605,80,3250816,Los Angeles Angels of Anaheim,121113867,123478263,COTS,4,4,not_highwins_90,1.339636614,0.2923983936
LAA,2011,162,86,76,53.1,0.5308641975,86,3166321,Los Angeles Angels of Anaheim,141755666,143099729,COTS,4,4,not_highwins_90,1.5569927742,0.442756252
LAA,2012,162,89,73,54.9,0.549382716,89,3061770,Los Angeles Angels of Anaheim,151381000,160146581,COTS,4,4,not_highwins_90,1.6101065352,0.4763003477
LAA,2013,162,78,84,48.1,0.4814814815,78,3019505,Los Angeles Angels of Anaheim,137271250,143670107,COTS,4,4,not_highwins_90,1.4766468576,0.3897738806
LAA,2014,162,98,64,60.5,0.6049382716,98,3095935,Los Angeles Angels of Anaheim,154546500,164059717,COTS,4,4,highwins_91,1.4602304713,0.3785942803
LAA,2015,162,85,77,52.5,0.524691358,85,3012765,Los Angeles Angels of Anaheim,146341583,149686871,COTS,3,3,not_highwins_90,1.250818409,0.2237980643
LAA,2016,162,74,88,45.7,0.4567901235,74,3016142,Los Angeles Angels of Anaheim,164673333,173037550,COTS,4,4,not_highwins_90,1.3388849141,0.2918371139
LAA,2017,162,80,82,49.4,0.4938271605,80,3019585,Los Angeles Angels of Anaheim,166375833,173924908,COTS,4,3,not_highwins_90,1.2286167516,0.2058889443
LAA,2018,162,80,82,49.4,0.4938271605,80,3020216,Los Angeles Angels of Anaheim,166649999,176725865,COTS,4,4,not_highwins_90,1.2437068703,0.2180963317
LAA,2019,162,72,90,44.4,0.4444444444,72,3019012,Los Angeles Angels of Anaheim,158878583,165595376,COTS,3,3,not_highwins_90,1.29197853,0.2561747876
LAA,2020,60,26,34,43.3,0.4333333333,70.2,0,Los Angeles Angels of Anaheim,71248265,69858103,COTS,4,3,not_highwins_90,1.2658625996,0.2357537867
LAA,2021,162,77,85,0.475,0.475308642,77,,Los Angeles Angels,33967088,183849560,AW,1,4,not_highwins_90,0.425032113,-0.855590553
LAA,2022,162,73,89,0.451,0.450617284,73,,Los Angeles Angels,118104253,179877811,AW,3,3,not_highwins_90,1.3079894674,0.2684912005
LAA,2023,162,73,89,0.451,0.450617284,73,,Los Angeles Angels,43769159,230534276,AW,1,3,not_highwins_90,0.5260641395,-0.642332136
LAN,1998,162,83,79,51.2,0.512345679,83,3089222,Los Angeles Dodgers,47970000,,BBCube,3,,not_highwins_90,1.0573532005,0.0557688048
LAN,1999,162,77,85,47.5,0.475308642,77,3095346,Los Angeles Dodgers,71135786,,BBCube,3,,not_highwins_90,1.5381310773,0.4305680933
LAN,2000,162,86,76,53.1,0.5308641975,86,2880242,Los Angeles Dodgers,90700000,88871736,COTS,4,4,not_highwins_90,1.4700162075,0.3852734262
LAN,2001,162,86,76,53.1,0.5308641975,86,3017143,Los Angeles Dodgers,109105952,115478346,COTS,4,4,not_highwins_90,1.6624739917,0.5083068494
LAN,2002,162,92,70,56.8,0.5679012346,92,3131255,Los Angeles Dodgers,94850953,101504889,COTS,4,4,highwins_91,1.494930173,0.4020794987
LAN,2003,162,85,77,52.5,0.524691358,85,3138626,Los Angeles Dodgers,105872620,109248680,COTS,4,4,not_highwins_90,1.4957985307,0.4026601985
LAN,2004,162,93,69,57.4,0.5740740741,93,3488283,Los Angeles Dodgers,92902001,101682464,COTS,4,4,highwins_91,1.424604194,0.3538940165
LAN,2005,162,71,91,43.8,0.4382716049,71,3603646,Los Angeles Dodgers,83039000,87753000,COTS,3,4,not_highwins_90,1.2018612864,0.1838714271
LAN,2006,162,88,74,54.3,0.5432098765,88,3758545,Los Angeles Dodgers,98447187,107260989,COTS,4,4,not_highwins_90,1.3562912122,0.3047539247
LAN,2007,162,82,80,50.6,0.5061728395,82,3857036,Los Angeles Dodgers,108454524,125581316,COTS,4,4,not_highwins_90,1.2424503269,0.2170854999
LAN,2008,162,84,78,51.9,0.5185185185,84,3730553,Los Angeles Dodgers,118588536,125864496,COTS,4,4,not_highwins_90,1.4651865633,0.3819825813
LAN,2009,162,95,67,58.6,0.5864197531,95,3761655,Los Angeles Dodgers,100414592,131507197,COTS,3,4,highwins_91,1.2308852483,0.2077336246
LAN,2010,162,80,82,49.4,0.4938271605,80,3562320,Los Angeles Dodgers,102090283,109753719,COTS,3,3,not_highwins_90,1.1292173591,0.1215247902
LAN,2011,161,82,79,50.9,0.5093167702,82.50931677,2935139,Los Angeles Dodgers,119771499,109865640,COTS,3,3,not_highwins_90,1.3155266647,0.2742370909
LAN,2012,162,86,76,53.1,0.5308641975,86,3324246,Los Angeles Dodgers,105419833,129080186,COTS,3,3,not_highwins_90,1.1212580314,0.1144512972
LAN,2013,162,92,70,56.8,0.5679012346,92,3743527,Los Angeles Dodgers,216753286,236872242,COTS,4,4,highwins_91,2.3316467115,0.8465747611
LAN,2014,162,94,68,58,0.5802469136,94,3782337,Los Angeles Dodgers,229335934,257283410,COTS,4,4,highwins_91,2.1668774057,0.7732871477
LAN,2015,162,92,70,56.8,0.5679012346,92,3764815,Los Angeles Dodgers,271608629,291056310,COTS,4,4,highwins_91,2.3215074365,0.8422167318
LAN,2016,162,91,71,56.2,0.5617283951,91,3703312,Los Angeles Dodgers,249781668,254937968,COTS,4,4,highwins_91,2.030862563,0.7084606107
LAN,2017,162,104,58,64.2,0.6419753086,104,3765856,Los Angeles Dodgers,241149167,243687497,COTS,4,4,highwins_91,1.780786914,0.5770553531
LAN,2018,163,92,71,56.4,0.5644171779,91.435582822,3857500,Los Angeles Dodgers,187318213,195741355,COTS,4,4,highwins_91,1.3979534943,0.3350093774
LAN,2019,162,106,56,65.4,0.6543209877,106,3974309,Los Angeles Dodgers,196279677,205147830,COTS,4,4,highwins_91,1.5961190222,0.4675750716
LAN,2020,60,43,17,71.7,0.7166666667,116.1,0,Los Angeles Dodgers,94977918,98596239,COTS,4,4,not_highwins_90,1.687465571,0.5232277412
LAN,2021,162,106,56,0.654,0.6543209877,106,,Los Angeles Dodgers,174661542,265343390,AW,4,4,highwins_91,2.1855498553,0.7818674469
LAN,2022,162,111,51,0.685,0.6851851852,111,,Los Angeles Dodgers,231003922,270381426,AW,4,4,highwins_91,2.5583388339,0.9393581549
LAN,2023,162,100,62,0.617,0.6172839506,100,,Los Angeles Dodgers,149705968,240278296,AW,4,4,highwins_91,1.799324982,0.5874115845
MIA,2012,162,69,93,42.6,0.4259259259,69,2219444,Miami Marlins,101628000,89875132,COTS,3,2,not_highwins_90,1.0809276392,0.0778195977
MIA,2013,162,62,100,38.3,0.3827160494,62,1586322,Miami Marlins,50526900,42301773,COTS,1,1,not_highwins_90,0.5435252328,-0.609679147
MIA,2014,162,77,85,47.5,0.475308642,77,1732283,Miami Marlins,45825400,52518799,COTS,1,1,not_highwins_90,0.4329806591,-0.837062219
MIA,2015,162,71,91,43.8,0.4382716049,71,1752235,Miami Marlins,69031500,63096627,COTS,1,1,not_highwins_90,0.5900296364,-0.527582512
MIA,2016,161,79,82,49.1,0.4906832298,79.49068323,1712417,Miami Marlins,74364500,80996456,COTS,1,1,not_highwins_90,0.6046243516,-0.50314792
MIA,2017,162,77,85,47.5,0.475308642,77,1583014,Miami Marlins,115406101,116975560,COTS,2,2,not_highwins_90,0.8522263502,-0.159903118
MIA,2018,161,63,98,39.1,0.3913043478,63.391304348,811104,Miami Marlins,99510143,90476643,COTS,1,1,not_highwins_90,0.7426429598,-0.297539888
MIA,2019,162,57,105,35.2,0.3518518519,57,811302,Miami Marlins,71903319,75671476,COTS,1,1,not_highwins_90,0.5847077852,-0.536643069
MIA,2020,60,31,29,51.7,0.5166666667,83.7,0,Miami Marlins,41560815,46304592,COTS,1,2,not_highwins_90,0.7384078941,-0.303258905
MIA,2021,162,67,95,0.414,0.4135802469,67,,Miami Marlins,16304223,58157900,AW,1,1,not_highwins_90,0.204015674,-1.589558455
MIA,2022,162,69,93,0.426,0.4259259259,69,,Miami Marlins,49341980,82954422,AW,1,1,not_highwins_90,0.5464561055,-0.604301294
MIA,2023,162,84,78,0.519,0.5185185185,84,,Miami Marlins,67982517,105435809,AW,2,2,not_highwins_90,0.8170859372,-0.202011003
MIL,1998,162,74,88,45.7,0.4567901235,74,1811593,Milwaukee Brewers,32252583,,BBCube,2,,not_highwins_90,0.7109103994,-0.341208878
MIL,1999,161,74,87,46,0.4596273292,74.459627329,1701796,Milwaukee Brewers,42927395,,BBCube,2,,not_highwins_90,0.9281961166,-0.074512236
MIL,2000,163,73,89,44.8,0.450617284,72.552147239,1573621,Milwaukee Brewers,35800000,36967613,COTS,1,1,not_highwins_90,0.5802269044,-0.544336038
MIL,2001,162,68,94,42,0.4197530864,68,2811041,Milwaukee Brewers,43886883,46648723,COTS,1,1,not_highwins_90,0.6687151363,-0.402397115
MIL,2002,162,56,106,34.6,0.3456790123,56,1969153,Milwaukee Brewers,50287833,49259130,COTS,2,1,not_highwins_90,0.7925782136,-0.232464086
MIL,2003,162,68,94,42,0.4197530864,68,1700354,Milwaukee Brewers,40627000,47294226,COTS,1,1,not_highwins_90,0.5739898276,-0.555143605
MIL,2004,161,67,94,41.6,0.4161490683,67.416149068,2062382,Milwaukee Brewers,27528500,29599934,COTS,1,1,not_highwins_90,0.4221353268,-0.862429337
MIL,2005,162,81,81,50,0.5,81,2211023,Milwaukee Brewers,39934833,42752833,COTS,1,1,not_highwins_90,0.5779950356,-0.548189999
MIL,2006,162,75,87,46.3,0.462962963,75,2335643,Milwaukee Brewers,57568333,58075937,COTS,1,1,not_highwins_90,0.7931097528,-0.231793665
MIL,2007,162,83,79,51.2,0.512345679,83,2869144,Milwaukee Brewers,70986500,72751641,COTS,2,2,not_highwins_90,0.8132182677,-0.206755733
MIL,2008,162,90,72,55.6,0.5555555556,90,3068458,Milwaukee Brewers,80937499,90324347,COTS,2,2,not_highwins_90,1,0
MIL,2009,162,80,82,49.4,0.4938271605,80,3037451,Milwaukee Brewers,80182502,90006172,COTS,2,2,not_highwins_90,0.9828796485,-0.017268599
MIL,2010,162,77,85,47.5,0.475308642,77,2776531,Milwaukee Brewers,90408000,94554209,COTS,2,3,not_highwins_90,1,0
MIL,2011,162,96,66,59.3,0.5925925926,96,3071373,Milwaukee Brewers,83590833,93234011,COTS,2,2,highwins_91,0.9181313639,-0.085414801
MIL,2012,162,83,79,51.2,0.512345679,83,2831385,Milwaukee Brewers,98150833,99931760,COTS,3,3,not_highwins_90,1.0439440725,0.0430059177
MIL,2013,162,74,88,45.7,0.4567901235,74,2531105,Milwaukee Brewers,88828333,92698695,COTS,2,2,not_highwins_90,0.9555393339,-0.04547935
MIL,2014,162,82,80,50.6,0.5061728395,82,2797384,Milwaukee Brewers,103697967,110299643,COTS,2,2,not_highwins_90,0.9797888093,-0.020418231
MIL,2015,162,68,94,42,0.4197530864,68,2542558,Milwaukee Brewers,104237000,98089079,COTS,2,1,not_highwins_90,0.8909399217,-0.115478282
MIL,2016,162,73,89,45.1,0.450617284,73,2314614,Milwaukee Brewers,63908300,65630828,COTS,1,1,not_highwins_90,0.5196096854,-0.654677354
MIL,2017,162,86,76,53.1,0.5308641975,86,2627705,Milwaukee Brewers,63061300,68190606,COTS,1,1,not_highwins_90,0.4656816327,-0.76425307
MIL,2018,163,96,67,58.9,0.5889570552,95.411042945,2850875,Milwaukee Brewers,90964571,108085307,COTS,1,2,highwins_91,0.6788674622,-0.387329366
MIL,2019,162,89,73,54.9,0.549382716,89,2923333,Milwaukee Brewers,122530400,132645682,COTS,2,2,not_highwins_90,0.9964001634,-0.003606332
MIL,2020,60,29,31,48.3,0.4833333333,78.3,0,Milwaukee Brewers,39200762,41514490,COTS,1,2,not_highwins_90,0.6964770088,-0.361720496
MIL,2021,162,95,67,0.586,0.5864197531,95,,Milwaukee Brewers,79937621,99377415,AW,2,2,highwins_91,1.0002640192,0.0002639844
MIL,2022,162,86,76,0.531,0.5308641975,86,,Milwaukee Brewers,93743089,130769325,AW,2,2,not_highwins_90,1.0381926979,0.0374814109
MIL,2023,162,92,70,0.568,0.5679012346,92,,Milwaukee Brewers,86339557,125338345,AW,3,2,highwins_91,1.0377202988,0.0370262868
MIN,1998,162,70,92,43.2,0.4320987654,70,1165976,Minnesota Twins,26182500,,BBCube,1,,not_highwins_90,0.5771138247,-0.549715762
MIN,1999,161,63,97,39.1,0.39375,63.391304348,1202829,Minnesota Twins,16355000,,BBCube,1,,not_highwins_90,0.353635423,-1.039488775
MIN,2000,162,69,93,42.6,0.4259259259,69,1000760,Minnesota Twins,15700000,16723347,COTS,1,1,not_highwins_90,0.2544570502,-1.368623219
MIN,2001,162,85,77,52.5,0.524691358,85,1782929,Minnesota Twins,24130000,27411912,COTS,1,1,not_highwins_90,0.3676746931,-1.000556718
MIN,2002,161,94,67,58.4,0.5838509317,94.583850932,1924473,Minnesota Twins,40225000,41309031,COTS,1,1,highwins_91,0.633979568,-0.455738552
MIN,2003,162,90,72,55.6,0.5555555556,90,1946011,Minnesota Twins,55505000,65318977,COTS,2,2,not_highwins_90,0.7841904493,-0.243103368
MIN,2004,162,92,70,56.8,0.5679012346,92,1911490,Minnesota Twins,53585000,54795587,COTS,2,2,highwins_91,0.821698294,-0.19638199
MIN,2005,162,83,79,51.2,0.512345679,83,2034243,Minnesota Twins,56186000,56338000,COTS,2,2,not_highwins_90,0.813205581,-0.206771334
MIN,2006,162,96,66,59.3,0.5925925926,96,2285018,Minnesota Twins,63396006,64809258,COTS,2,2,highwins_91,0.8733966754,-0.135365444
MIN,2007,162,79,83,48.8,0.487654321,79,2296383,Minnesota Twins,71439500,71938505,COTS,2,2,not_highwins_90,0.8184078161,-0.200394514
MIN,2008,163,88,75,54,0.5398773006,87.460122699,2302431,Minnesota Twins,56932766,65096667,COTS,1,1,not_highwins_90,0.7034164226,-0.351806212
MIN,2009,163,87,76,53.4,0.5337423313,86.466257669,2416237,Minnesota Twins,65299266,73068407,COTS,1,1,not_highwins_90,0.8004404703,-0.222593115
MIN,2010,162,94,68,58,0.5802469136,94,3223640,Minnesota Twins,97659167,103039407,COTS,3,3,highwins_91,1.0802049266,0.0771507699
MIN,2011,162,63,99,38.9,0.3888888889,63,3168116,Minnesota Twins,113237000,115419106,COTS,3,3,not_highwins_90,1.2437540999,0.2181343059
MIN,2012,162,66,96,40.7,0.4074074074,66,2776354,Minnesota Twins,100435000,101165992,COTS,3,3,not_highwins_90,1.0682387477,0.066011262
MIN,2013,162,66,96,40.7,0.4074074074,66,2477644,Minnesota Twins,82010000,76132483,COTS,2,1,not_highwins_90,0.8821935313,-0.125343824
MIN,2014,162,70,92,43.2,0.4320987654,70,2250606,Minnesota Twins,85465000,91071286,COTS,1,1,not_highwins_90,0.8075148724,-0.213793806
MIN,2015,162,83,79,51.2,0.512345679,83,2220054,Minnesota Twins,108262500,108275245,COTS,2,2,not_highwins_90,0.9253468852,-0.077586601
MIN,2016,162,59,103,36.4,0.3641975309,59,1963912,Minnesota Twins,105333700,106840501,COTS,2,2,not_highwins_90,0.8564210083,-0.154993192
MIN,2017,162,85,77,52.5,0.524691358,85,2051279,Minnesota Twins,108102500,111209586,COTS,2,2,not_highwins_90,0.7982922759,-0.225280488
MIN,2018,162,78,84,48.1,0.4814814815,78,1959197,Minnesota Twins,128713226,131186562,COTS,2,2,not_highwins_90,0.9605852051,-0.040212592
MIN,2019,162,101,61,62.3,0.6234567901,101,2294152,Minnesota Twins,119651933,125205980,COTS,2,2,highwins_91,0.9729928703,-0.027378524
MIN,2020,60,36,24,60,0.6,97.2,0,Minnesota Twins,45620603,52627942,COTS,2,2,not_highwins_90,0.8105378441,-0.210057247
MIN,2021,162,73,89,0.451,0.450617284,73,,Minnesota Twins,83609495,120084606,AW,3,2,not_highwins_90,1.0462103884,0.0451744816
MIN,2022,162,78,84,0.481,0.4814814815,78,,Minnesota Twins,77058186,149030158,AW,2,2,not_highwins_90,0.8534095352,-0.158515735
MIN,2023,162,87,75,0.537,0.537037037,87,,Minnesota Twins,77967521,156104540,AW,2,2,not_highwins_90,0.9370962974,-0.06496923
NYA,1998,162,114,48,70.4,0.7037037037,114,2955193,New York Yankees,63159898,,BBCube,4,,highwins_91,1.3921684447,0.3308625637
NYA,1999,162,98,64,60.5,0.6049382716,98,3292736,New York Yankees,88130709,,BBCube,4,,highwins_91,1.9056032133,0.6447986058
NYA,2000,161,87,74,54,0.5403726708,87.540372671,3055435,New York Yankees,107588459,95285187,COTS,4,4,not_highwins_90,1.743735154,0.5560294527
NYA,2001,161,95,65,59,0.59375,95.590062112,3264907,New York Yankees,112287143,114457768,COTS,4,4,highwins_91,1.7109465746,0.5370467698
NYA,2002,161,103,58,64,0.6397515528,103.63975155,3465807,New York Yankees,125928583,133429757,COTS,4,4,highwins_91,1.9847395562,0.6854876996
NYA,2003,163,101,61,62,0.6234567901,100.3803681,3465600,New York Yankees,152749814,180322403,COTS,4,4,highwins_91,2.1580928793,0.7692249055
NYA,2004,162,101,61,62.3,0.6234567901,101,3775292,New York Yankees,184193750,187918394,COTS,4,4,highwins_91,2.8245160054,1.0383370244
NYA,2005,162,95,67,58.6,0.5864197531,95,4090696,New York Yankees,208306817,207152931,COTS,4,4,highwins_91,3.0149194842,1.1035731247
NYA,2006,162,97,65,59.9,0.5987654321,97,4248067,New York Yankees,194663079,207461320,COTS,4,4,highwins_91,2.6818422287,0.9865039571
NYA,2007,162,94,68,58,0.5802469136,94,4271083,New York Yankees,189639045,218311394,COTS,4,4,highwins_91,2.1724966813,0.7758770506
NYA,2008,162,89,73,54.9,0.549382716,89,4298655,New York Yankees,209081577,222519480,COTS,4,4,not_highwins_90,2.5832473153,0.9490472568
NYA,2009,162,103,59,63.6,0.6358024691,103,3719358,New York Yankees,201449189,220024917,COTS,4,4,highwins_91,2.4693705376,0.9039632751
NYA,2010,162,95,67,58.6,0.5864197531,95,3765807,New York Yankees,213359389,215053064,COTS,4,4,highwins_91,2.3599613862,0.8586452571
NYA,2011,162,97,65,59.9,0.5987654321,97,3653680,New York Yankees,207047964,216044956,COTS,4,4,highwins_91,2.2741396726,0.821601815
NYA,2012,162,95,67,58.6,0.5864197531,95,3542406,New York Yankees,209792900,223302212,COTS,4,4,highwins_91,2.2313825336,0.8026213636
NYA,2013,162,85,77,52.5,0.524691358,85,3279589,New York Yankees,228106125,237018889,COTS,4,4,not_highwins_90,2.4537708564,0.8976259664
NYA,2014,162,84,78,51.9,0.5185185185,84,3401624,New York Yankees,197230609,218457904,COTS,4,4,not_highwins_90,1.8635306858,0.6224729065
NYA,2015,162,87,75,53.7,0.537037037,87,3193795,New York Yankees,217758571,223589947,COTS,4,4,not_highwins_90,1.8612374128,0.6212415422
NYA,2016,162,84,78,51.9,0.5185185185,84,3063405,New York Yankees,225997792,224461450,COTS,4,4,not_highwins_90,1.8374865488,0.6083986317
NYA,2017,162,91,71,56.2,0.5617283951,91,3146966,New York Yankees,196389700,208376830,COTS,4,4,highwins_91,1.4502567525,0.3717406114
NYA,2018,162,100,62,61.7,0.6172839506,100,3482855,New York Yankees,166111632,182692585,COTS,4,4,highwins_91,1.239689044,0.2148605772
NYA,2019,162,103,59,63.6,0.6358024691,103,3304404,New York Yankees,203897446,225978235,COTS,4,4,highwins_91,1.6580656598,0.5056516577
NYA,2020,60,33,27,55,0.55,89.1,0,New York Yankees,108115350,83561405,COTS,4,4,not_highwins_90,1.9208773436,0.6527820314
NYA,2021,162,92,70,0.568,0.5679012346,92,,New York Yankees,141518753,205669863,AW,4,4,highwins_91,1.7708322427,0.5714496297
NYA,2022,162,99,63,0.611,0.6111111111,99,,New York Yankees,214676803,252957200,AW,4,4,highwins_91,2.3775180832,0.8660571214
NYA,2023,162,82,80,0.506,0.5061728395,82,,New York Yankees,181566625,278651150,AW,4,4,not_highwins_90,2.1822601237,0.7803610938
NYN,1998,162,88,74,54.3,0.5432098765,88,2287948,New York Mets,49559665,,BBCube,3,,not_highwins_90,1.0923925454,0.0883702865
NYN,1999,163,97,66,59.5,0.5950920245,96.404907975,2725668,New York Mets,71331425,,BBCube,4,,highwins_91,1.5423612749,0.4333145375
NYN,2000,162,94,68,58,0.5802469136,94,2820530,New York Mets,79800000,82246383,COTS,4,4,highwins_91,1.2933549433,0.2572395735
NYN,2001,162,82,80,50.6,0.5061728395,82,2658330,New York Mets,93674429,93125240,COTS,4,4,not_highwins_90,1.4273401134,0.3558126517
NYN,2002,161,75,86,46.6,0.4658385093,75.465838509,2804838,New York Mets,94633593,94395575,COTS,4,4,not_highwins_90,1.491504398,0.3997852737
NYN,2003,161,66,95,41,0.4099378882,66.409937888,2140599,New York Mets,117476429,116253927,COTS,4,4,not_highwins_90,1.6597404493,0.5066612343
NYN,2004,162,71,91,43.8,0.4382716049,71,2318951,New York Mets,96660970,103199231,COTS,4,4,not_highwins_90,1.4822460418,0.3935585332
NYN,2005,162,83,79,51.2,0.512345679,83,2829929,New York Mets,101305821,103985823,COTS,4,4,not_highwins_90,1.4662453106,0.3827049228
NYN,2006,162,97,65,59.9,0.5987654321,97,3379535,New York Mets,101084963,116571696,COTS,4,4,highwins_91,1.392631432,0.331195074
NYN,2007,162,88,74,54.3,0.5432098765,88,3853955,New York Mets,115231663,120927727,COTS,4,4,not_highwins_90,1.3200889376,0.2776991113
NYN,2008,162,89,73,54.9,0.549382716,89,4042045,New York Mets,137793376,144693962,COTS,4,4,not_highwins_90,1.7024664427,0.5320780482
NYN,2009,162,70,92,43.2,0.4320987654,70,3168571,New York Mets,149373987,142229759,COTS,4,4,not_highwins_90,1.8310310625,0.6048792303
NYN,2010,162,79,83,48.8,0.487654321,79,2559738,New York Mets,126498096,127560042,COTS,4,4,not_highwins_90,1.399191399,0.3358944976
NYN,2011,162,77,85,47.5,0.475308642,77,2352596,New York Mets,142797166,142244744,COTS,4,4,not_highwins_90,1.5684322321,0.4500765422
NYN,2012,162,74,88,45.7,0.4567901235,74,2242803,New York Mets,94508822,103710802,COTS,2,3,not_highwins_90,1.0052072052,0.0051936946
NYN,2013,162,74,88,45.7,0.4567901235,74,2135657,New York Mets,93684590,95128685,COTS,2,2,not_highwins_90,1.0077787987,0.0077486999
NYN,2014,162,79,83,48.8,0.487654321,79,2148808,New York Mets,84951365,92856260,COTS,1,2,not_highwins_90,0.8026617992,-0.219821825
NYN,2015,162,90,72,55.6,0.5555555556,90,2569753,New York Mets,101344283,109779018,COTS,2,2,not_highwins_90,0.8662151401,-0.143621972
NYN,2016,162,87,75,53.7,0.537037037,87,2789602,New York Mets,135188085,150121895,COTS,3,3,not_highwins_90,1.0991536048,0.0945404334
NYN,2017,162,70,92,43.2,0.4320987654,70,2460622,New York Mets,154437460,148604654,COTS,3,2,not_highwins_90,1.140456802,0.1314288856
NYN,2018,162,77,85,47.5,0.475308642,77,2224995,New York Mets,150558844,152098346,COTS,3,3,not_highwins_90,1.1236187806,0.1165545308
NYN,2019,162,86,76,53.1,0.5308641975,86,2442532,New York Mets,158652231,146217185,COTS,3,3,not_highwins_90,1.290137867,0.2547490863
NYN,2020,60,26,34,43.3,0.4333333333,70.2,0,New York Mets,79937186,83386464,COTS,4,4,not_highwins_90,1.4202380096,0.35082447
NYN,2021,162,77,85,0.475,0.475308642,77,,New York Mets,176565754,201189189,AW,4,4,not_highwins_90,2.2093773689,0.7927107423
NYN,2022,162,101,61,0.623,0.6234567901,101,,New York Mets,231062889,268292506,AW,4,4,highwins_91,2.5589918859,0.9396133864
NYN,2023,162,75,87,0.463,0.462962963,75,,New York Mets,104157606,343605067,AW,3,4,not_highwins_90,1.2518764952,0.2246436218
OAK,1998,162,74,88,45.7,0.4567901235,74,1232343,Oakland Athletics,20063000,,BBCube,1,,not_highwins_90,0.4422280021,-0.815929688
OAK,1999,162,87,75,53.7,0.537037037,87,1434610,Oakland Athletics,24150333,,BBCube,1,,not_highwins_90,0.5221897417,-0.649724267
OAK,2000,161,91,70,56.5,0.5652173913,91.565217391,1603744,Oakland Athletics,32121833,30388574,COTS,1,1,highwins_91,0.5206131767,-0.652747976
OAK,2001,162,102,60,63,0.6296296296,102,2133277,Oakland Athletics,33810750,39722689,COTS,1,1,highwins_91,0.5151826411,-0.663233798
OAK,2002,162,103,59,63.6,0.6358024691,103,2169811,Oakland Athletics,40004167,41942665,COTS,1,1,highwins_91,0.6304990556,-0.461243621
OAK,2003,162,96,66,59.3,0.5925925926,96,2216596,Oakland Athletics,50260834,56596691,COTS,1,1,highwins_91,0.7100993784,-0.342350349
OAK,2004,162,91,71,56.2,0.5617283951,91,2201516,Oakland Athletics,59425667,60288197,COTS,2,2,highwins_91,0.9112619053,-0.092924931
OAK,2005,162,88,74,54.3,0.5432098765,88,2109118,Oakland Athletics,55425762,58425354,COTS,2,2,not_highwins_90,0.80220231,-0.220394446
OAK,2006,162,93,69,57.4,0.5740740741,93,1976625,Oakland Athletics,62242079,70967799,COTS,2,2,highwins_91,0.8574992069,-0.153735025
OAK,2007,162,76,86,46.9,0.4691358025,76,1921844,Oakland Athletics,79366940,78482125,COTS,2,2,not_highwins_90,0.9092242252,-0.095163543
OAK,2008,161,75,86,46.6,0.4658385093,75.465838509,1665256,Oakland Athletics,47967126,55223294,COTS,1,1,not_highwins_90,0.5926440351,-0.523161338
OAK,2009,162,75,87,46.3,0.462962963,75,1408783,Oakland Athletics,62310000,61688124,COTS,1,1,not_highwins_90,0.763797953,-0.269451984
OAK,2010,162,81,81,50,0.5,81,1418391,Oakland Athletics,58304900,61773644,COTS,1,1,not_highwins_90,0.6449086364,-0.438646621
OAK,2011,162,74,88,45.7,0.4567901235,74,1476791,Oakland Athletics,67094000,70476206,COTS,1,1,not_highwins_90,0.7369361391,-0.30525404
OAK,2012,162,94,68,58,0.5802469136,94,1679013,Oakland Athletics,52873000,59493290,COTS,1,1,highwins_91,0.5623635914,-0.575606678
OAK,2013,162,96,66,59.3,0.5925925926,96,1809302,Oakland Athletics,61964500,71075550,COTS,1,1,highwins_91,0.6665611642,-0.405623374
OAK,2014,162,88,74,54.3,0.5432098765,88,2003628,Oakland Athletics,82320900,91615851,COTS,1,1,not_highwins_90,0.777807887,-0.251275717
OAK,2015,162,68,94,42,0.4197530864,68,1768175,Oakland Athletics,83889167,84191119,COTS,1,1,not_highwins_90,0.7170218625,-0.332648947
OAK,2016,162,69,93,42.6,0.4259259259,69,1521506,Oakland Athletics,86806234,87599724,COTS,1,1,not_highwins_90,0.7057825031,-0.348448158
OAK,2017,162,75,87,46.3,0.462962963,75,1475721,Oakland Athletics,81738333,76340952,COTS,1,1,not_highwins_90,0.6036038009,-0.504837255
OAK,2018,162,97,65,59.9,0.5987654321,97,1573616,Oakland Athletics,65985833,78454865,COTS,1,1,highwins_91,0.4924514511,-0.7083594
OAK,2019,162,97,65,59.9,0.5987654321,97,1662211,Oakland Athletics,92178833,95733594,COTS,1,1,highwins_91,0.7495854438,-0.288234967
OAK,2020,60,36,24,60,0.6,97.2,0,Oakland Athletics,35363741,37304214,COTS,1,1,not_highwins_90,0.6283049435,-0.464729652
OAK,2021,162,86,76,0.531,0.5308641975,86,,Oakland Athletics,51210210,90400598,AW,2,1,not_highwins_90,0.6407962839,-0.445043682
OAK,2022,162,60,102,0.37,0.3703703704,60,,Oakland Athletics,15196960,48443900,AW,1,1,not_highwins_90,0.1683043846,-1.781981126
OAK,2023,162,50,112,0.309,0.3086419753,50,,Oakland Athletics,31196397,62243227,AW,1,1,not_highwins_90,0.3749513611,-0.980958965
PHI,1998,162,75,87,46.3,0.462962963,75,1715722,Philadelphia Phillies,36085000,,BBCube,2,,not_highwins_90,0.7953844119,-0.228929744
PHI,1999,162,77,85,47.5,0.475308642,77,1825337,Philadelphia Phillies,30516500,,BBCube,1,,not_highwins_90,0.6598419679,-0.415754915
PHI,2000,162,65,97,40.1,0.4012345679,65,1612769,Philadelphia Phillies,46900000,45734878,COTS,2,2,not_highwins_90,0.7601296596,-0.274266255
PHI,2001,162,86,76,53.1,0.5308641975,86,1782054,Philadelphia Phillies,41663833,46969933,COTS,1,2,not_highwins_90,0.6348419815,-0.454379159
PHI,2002,161,80,81,49.7,0.4968944099,80.49689441,1618467,Philadelphia Phillies,57965999,59593741,COTS,2,2,not_highwins_90,0.9135925172,-0.090370631
PHI,2003,162,86,76,53.1,0.5308641975,86,2259948,Philadelphia Phillies,70780000,95338704,COTS,2,3,not_highwins_90,1,0
PHI,2004,162,86,76,53.1,0.5308641975,86,3250092,Philadelphia Phillies,93219167,97380476,COTS,4,4,not_highwins_90,1.4294677707,0.3573021867
PHI,2005,162,88,74,54.3,0.5432098765,88,2665304,Philadelphia Phillies,95522000,94484907,COTS,4,4,not_highwins_90,1.3825334337,0.3239176376
PHI,2006,162,85,77,52.5,0.524691358,85,2701815,Philadelphia Phillies,88273333,93329232,COTS,3,3,not_highwins_90,1.2161276464,0.1956717504
PHI,2007,162,89,73,54.9,0.549382716,89,3108325,Philadelphia Phillies,89428213,101823122,COTS,3,3,not_highwins_90,1.0244857327,0.0241907624
PHI,2008,162,92,70,56.8,0.5679012346,92,3422583,Philadelphia Phillies,98269880,112654711,COTS,3,3,highwins_91,1.2141452505,0.1940403317
PHI,2009,162,93,69,57.4,0.5740740741,93,3600693,Philadelphia Phillies,113004046,138286499,COTS,4,4,highwins_91,1.3852071741,0.3258497126
PHI,2010,162,97,65,59.9,0.5987654321,97,3647249,Philadelphia Phillies,138178379,145539931,COTS,4,4,highwins_91,1.5283866361,0.4242126929
PHI,2011,162,102,60,63,0.6296296296,102,3680718,Philadelphia Phillies,165976381,165313989,COTS,4,4,highwins_91,1.823024315,0.6004968335
PHI,2012,162,81,81,50,0.5,81,3565718,Philadelphia Phillies,172093902,169728180,COTS,4,4,not_highwins_90,1.8304114537,0.6045407797
PHI,2013,162,73,89,45.1,0.450617284,73,3012403,Philadelphia Phillies,159585714,166159063,COTS,4,4,not_highwins_90,1.7166868014,0.5403961549
PHI,2014,162,73,89,45.1,0.450617284,73,2423852,Philadelphia Phillies,177729967,183456686,COTS,4,4,not_highwins_90,1.6792791391,0.5183646175
PHI,2015,162,63,99,38.9,0.3888888889,63,1831080,Philadelphia Phillies,146889667,145656077,COTS,4,3,not_highwins_90,1.2555030212,0.2275363059
PHI,2016,162,71,91,43.8,0.4382716049,71,1915144,Philadelphia Phillies,88646667,109377502,COTS,1,2,not_highwins_90,0.7207462372,-0.327468163
PHI,2017,162,66,96,40.7,0.4074074074,66,1905354,Philadelphia Phillies,100041000,114539020,COTS,2,2,not_highwins_90,0.7387614308,-0.302780237
PHI,2018,162,80,82,49.4,0.4938271605,80,2158124,Philadelphia Phillies,95270301,106717475,COTS,1,1,not_highwins_90,0.7110010717,-0.341081342
PHI,2019,162,81,81,50,0.5,81,2727421,Philadelphia Phillies,140611962,160974755,COTS,3,3,not_highwins_90,1.1434369097,0.13403856
PHI,2020,60,28,32,46.7,0.4666666667,75.6,0,Philadelphia Phillies,67306240,65073877,COTS,3,3,not_highwins_90,1.195824936,0.1788362702
PHI,2021,162,82,80,0.506,0.5061728395,82,,Philadelphia Phillies,148014046,197513223,AW,4,4,not_highwins_90,1.8521082152,0.616324566
PHI,2022,162,87,75,0.537,0.537037037,87,,Philadelphia Phillies,191757795,244484097,AW,4,4,not_highwins_90,2.1236930066,0.7531565574
PHI,2023,162,90,72,0.556,0.5555555556,90,,Philadelphia Phillies,218609553,245419295,AW,4,4,not_highwins_90,2.6274812906,0.9660257031
PIT,1998,163,69,93,42.3,0.4259259259,68.576687117,1560950,Pittsburgh Pirates,13752000,,BBCube,1,,not_highwins_90,0.3031211427,-1.193622743
PIT,1999,161,78,83,48.4,0.4844720497,78.48447205,1638023,Pittsburgh Pirates,24217666,,BBCube,1,,not_highwins_90,0.5236456471,-0.646940069
PIT,2000,162,69,93,42.6,0.4259259259,69,1748908,Pittsburgh Pirates,29600000,33630256,COTS,1,1,not_highwins_90,0.4797406807,-0.73450957
PIT,2001,162,62,100,38.3,0.3827160494,62,2464870,Pittsburgh Pirates,57760833,46661290,COTS,2,1,not_highwins_90,0.8801158951,-0.127701681
PIT,2002,161,72,89,44.7,0.4472049689,72.447204969,1784988,Pittsburgh Pirates,42323599,46059983,COTS,1,1,not_highwins_90,0.6670552395,-0.404882419
PIT,2003,162,75,87,46.3,0.462962963,75,1636751,Pittsburgh Pirates,54812429,62314723,COTS,2,2,not_highwins_90,0.7744056089,-0.2556595
PIT,2004,161,72,89,44.7,0.4472049689,72.447204969,1580031,Pittsburgh Pirates,32227929,32507271,COTS,1,1,not_highwins_90,0.4941986429,-0.704817731
PIT,2005,162,67,95,41.4,0.4135802469,67,1817245,Pittsburgh Pirates,38133000,30139200,COTS,1,1,not_highwins_90,0.5519162855,-0.594358901
PIT,2006,162,67,95,41.4,0.4135802469,67,1861549,Pittsburgh Pirates,46717750,43443685,COTS,1,1,not_highwins_90,0.6436229994,-0.440642129
PIT,2007,162,68,94,42,0.4197530864,68,1749142,Pittsburgh Pirates,38537823,51360907,COTS,1,1,not_highwins_90,0.4414876302,-0.817605277
PIT,2008,162,67,95,41.4,0.4135802469,67,1609076,Pittsburgh Pirates,48689783,50764410,COTS,1,1,not_highwins_90,0.6015726159,-0.508208026
PIT,2009,161,62,99,38.5,0.3850931677,62.385093168,1577853,Pittsburgh Pirates,48693000,47991132,COTS,1,1,not_highwins_90,0.5968803358,-0.516038628
PIT,2010,162,57,105,35.2,0.3518518519,57,1613399,Pittsburgh Pirates,39068000,44146967,COTS,1,1,not_highwins_90,0.4321299,-0.839029041
PIT,2011,162,72,90,44.4,0.4444444444,72,1940429,Pittsburgh Pirates,42047000,51784810,COTS,1,1,not_highwins_90,0.4618289838,-0.772560621
PIT,2012,162,79,83,48.8,0.487654321,79,2091918,Pittsburgh Pirates,51932333,61300313,COTS,1,1,not_highwins_90,0.552358544,-0.593557907
PIT,2013,162,94,68,58,0.5802469136,94,2256862,Pittsburgh Pirates,66805000,74608266,COTS,1,1,highwins_91,0.7186311287,-0.330407087
PIT,2014,162,88,74,54.3,0.5432098765,88,2442564,Pittsburgh Pirates,71929333,78379602,COTS,1,1,not_highwins_90,0.6796233096,-0.386216591
PIT,2015,162,98,64,60.5,0.6049382716,98,2498596,Pittsburgh Pirates,90053000,95889960,COTS,1,1,highwins_91,0.7697056973,-0.261747048
PIT,2016,162,78,83,48.1,0.4844720497,78,2249201,Pittsburgh Pirates,99945500,99866170,COTS,2,1,not_highwins_90,0.8126119739,-0.20750156
PIT,2017,162,75,87,46.3,0.462962963,75,1919447,Pittsburgh Pirates,95807004,95865735,COTS,1,1,not_highwins_90,0.7074951206,-0.346024546
PIT,2018,161,82,79,50.9,0.5093167702,82.50931677,1465316,Pittsburgh Pirates,86340000,90579541,COTS,1,1,not_highwins_90,0.6443543464,-0.439506477
PIT,2019,162,69,93,42.6,0.4259259259,69,1491439,Pittsburgh Pirates,74808000,78286587,COTS,1,1,not_highwins_90,0.6083282469,-0.497040663
PIT,2020,60,19,41,31.7,0.3166666667,51.3,0,Pittsburgh Pirates,23739815,24056794,COTS,1,1,not_highwins_90,0.4217835189,-0.863263085
PIT,2021,162,61,101,0.377,0.3765432099,61,,Pittsburgh Pirates,17797841,54356609,AW,1,1,not_highwins_90,0.2227054014,-1.501905451
PIT,2022,162,62,100,0.383,0.3827160494,62,,Pittsburgh Pirates,30472503,56184032,AW,1,1,not_highwins_90,0.3374790658,-1.086251798
PIT,2023,162,76,86,0.469,0.4691358025,76,,Pittsburgh Pirates,30946061,75695975,AW,1,1,not_highwins_90,0.3719425578,-0.989015851
SDN,1998,162,98,64,60.5,0.6049382716,98,2555874,San Diego Padres,45368000,,BBCube,2,,highwins_91,1,0
SDN,1999,162,74,88,45.7,0.4567901235,74,2523538,San Diego Padres,45932179,,BBCube,2,,not_highwins_90,0.9931669549,-0.006856497
SDN,2000,162,76,86,46.9,0.4691358025,76,2352443,San Diego Padres,54900000,54292954,COTS,2,2,not_highwins_90,0.8897893031,-0.116770582
SDN,2001,162,79,83,48.8,0.487654321,79,2378128,San Diego Padres,38882833,38661011,COTS,1,1,not_highwins_90,0.5924672064,-0.523459755
SDN,2002,162,66,96,40.7,0.4074074074,66,2220601,San Diego Padres,41425000,41791170,COTS,1,1,not_highwins_90,0.6528925694,-0.426342682
SDN,2003,162,64,98,39.5,0.3950617284,64,2030084,San Diego Padres,47928000,57871722,COTS,1,1,not_highwins_90,0.6771404352,-0.38987659
SDN,2004,162,87,75,53.7,0.537037037,87,3016752,San Diego Padres,55384833,65923545,COTS,2,2,not_highwins_90,0.8492978033,-0.163345385
SDN,2005,162,82,80,50.6,0.5061728395,82,2869787,San Diego Padres,63290833,66333633,COTS,2,2,not_highwins_90,0.9160370665,-0.087698449
SDN,2006,162,88,74,54.3,0.5432098765,88,2659757,San Diego Padres,69896642,73796449,COTS,2,2,not_highwins_90,0.962954902,-0.037748699
SDN,2007,163,89,74,54.6,0.5460122699,88.45398773,2790074,San Diego Padres,58110567,67490967,COTS,1,1,not_highwins_90,0.6657121373,-0.406897928
SDN,2008,162,63,99,38.9,0.3888888889,63,2427535,San Diego Padres,73677616,71212182,COTS,2,1,not_highwins_90,0.9103026028,-0.093978204
SDN,2009,162,75,87,46.3,0.462962963,75,1919603,San Diego Padres,43734200,43210258,COTS,1,1,not_highwins_90,0.5360952084,-0.623443506
SDN,2010,162,90,72,55.6,0.5555555556,90,2131774,San Diego Padres,37799300,43654177,COTS,1,1,not_highwins_90,0.4180968498,-0.872042175
SDN,2011,162,71,91,43.8,0.4382716049,71,2143018,San Diego Padres,45869140,45620873,COTS,1,1,not_highwins_90,0.503809982,-0.685556102
SDN,2012,162,76,86,46.9,0.4691358025,76,2123721,San Diego Padres,55621900,62878686,COTS,1,1,not_highwins_90,0.5916012227,-0.524922481
SDN,2013,162,76,86,46.9,0.4691358025,76,2166691,San Diego Padres,68333600,74201807,COTS,1,1,not_highwins_90,0.7350745018,-0.307783422
SDN,2014,162,77,85,47.5,0.475308642,77,2195373,San Diego Padres,90636600,85467063,COTS,2,1,not_highwins_90,0.8563786636,-0.155042637
SDN,2015,162,74,88,45.7,0.4567901235,74,2459742,San Diego Padres,108387033,110283300,COTS,2,2,not_highwins_90,0.9264113002,-0.076436974
SDN,2016,162,68,94,42,0.4197530864,68,2351422,San Diego Padres,99284500,96990125,COTS,2,1,not_highwins_90,0.8072376798,-0.214137131
SDN,2017,162,71,91,43.8,0.4382716049,71,2138491,San Diego Padres,69624400,71292313,COTS,1,1,not_highwins_90,0.5141474132,-0.665245259
SDN,2018,162,66,96,40.7,0.4074074074,66,2168536,San Diego Padres,94037733,99367500,COTS,1,1,not_highwins_90,0.701802432,-0.35410335
SDN,2019,162,70,92,43.2,0.4320987654,70,2396399,San Diego Padres,97204100,104000709,COTS,1,1,not_highwins_90,0.7904502158,-0.235152602
SDN,2020,60,37,23,61.7,0.6166666667,99.9,0,San Diego Padres,67427165,76324784,COTS,3,4,not_highwins_90,1.1979734015,0.180631297
SDN,2021,162,79,83,0.488,0.487654321,79,,San Diego Padres,125977584,179764272,AW,3,3,not_highwins_90,1.576364707,0.4551213777
SDN,2022,162,89,73,0.549,0.549382716,89,,San Diego Padres,173934032,224511694,AW,4,4,not_highwins_90,1.9262971154,0.655599567
SDN,2023,162,82,80,0.506,0.5061728395,82,,San Diego Padres,164623555,256045688,AW,4,4,not_highwins_90,1.9786203522,0.68239981
SEA,1998,161,76,85,47.2,0.4720496894,76.472049689,2651511,Seattle Mariners,52032291,,BBCube,3,,not_highwins_90,1.1468940883,0.1370574959
SEA,1999,162,79,83,48.8,0.487654321,79,2916346,Seattle Mariners,44371336,,BBCube,2,,not_highwins_90,0.9594176811,-0.041428761
SEA,2000,162,91,71,56.2,0.5617283951,91,2914624,Seattle Mariners,59200000,59811910,COTS,2,3,highwins_91,0.9594813614,-0.041362389
SEA,2001,162,116,46,71.6,0.7160493827,116,3507326,Seattle Mariners,74720833,79925400,COTS,3,3,highwins_91,1.1385395501,0.1297463447
SEA,2002,162,93,69,57.4,0.5740740741,93,3542938,Seattle Mariners,80282668,86084710,COTS,3,3,highwins_91,1.265321844,0.235326512
SEA,2003,162,93,69,57.4,0.5740740741,93,3268509,Seattle Mariners,86959167,92268063,COTS,3,3,highwins_91,1.2285838796,0.2058621887
SEA,2004,162,63,99,38.9,0.3888888889,63,2940731,Seattle Mariners,81515834,81836597,COTS,3,3,not_highwins_90,1.2500032049,0.2231461152
SEA,2005,162,69,93,42.6,0.4259259259,69,2725459,Seattle Mariners,87754334,70513167,COTS,3,3,not_highwins_90,1.2701084641,0.2391023016
SEA,2006,162,78,84,48.1,0.4814814815,78,2481165,Seattle Mariners,87959833,95335400,COTS,3,3,not_highwins_90,1.2118086068,0.19211396
SEA,2007,162,88,74,54.3,0.5432098765,88,2672223,Seattle Mariners,106460833,114367309,COTS,4,4,not_highwins_90,1.2196106892,0.1985317006
SEA,2008,162,61,101,37.7,0.3765432099,61,2329702,Seattle Mariners,117666482,120456113,COTS,3,3,not_highwins_90,1.4537943902,0.3741769593
SEA,2009,162,85,77,52.5,0.524691358,85,2195533,Seattle Mariners,98904166,102343617,COTS,3,3,not_highwins_90,1.2123703986,0.1925774504
SEA,2010,162,61,101,37.7,0.3765432099,61,2085488,Seattle Mariners,91143333,93376107,COTS,3,3,not_highwins_90,1.0081334948,0.0081005962
SEA,2011,162,67,95,41.4,0.4135802469,67,1939421,Seattle Mariners,94623191,98067684,COTS,3,3,not_highwins_90,1.0393067792,0.0385539324
SEA,2012,162,75,87,46.3,0.462962963,75,1721920,Seattle Mariners,84928100,84450157,COTS,2,2,not_highwins_90,0.903305493,-0.101694474
SEA,2013,162,71,91,43.8,0.4382716049,71,1761546,Seattle Mariners,84199643,91102412,COTS,2,2,not_highwins_90,0.9057478405,-0.098994333
SEA,2014,162,87,75,53.7,0.537037037,87,2064334,Seattle Mariners,90239643,108957206,COTS,2,2,not_highwins_90,0.8526280208,-0.15943191
SEA,2015,162,76,86,46.9,0.4691358025,76,2193581,Seattle Mariners,123225843,124385330,COTS,3,2,not_highwins_90,1.0532423507,0.0518733593
SEA,2016,162,86,76,53.1,0.5308641975,86,2267928,Seattle Mariners,142330193,153168772,COTS,3,3,not_highwins_90,1.1572228773,0.1460230635
SEA,2017,162,78,84,48.1,0.4814814815,78,2135445,Seattle Mariners,154318843,157588836,COTS,3,3,not_highwins_90,1.1395808645,0.130660532
SEA,2018,162,89,73,54.9,0.549382716,89,2299489,Seattle Mariners,157903943,161832831,COTS,3,3,not_highwins_90,1.1784351631,0.1641874254
SEA,2019,162,68,94,42,0.4197530864,68,1791863,Seattle Mariners,146498472,139064933,COTS,3,3,not_highwins_90,1.1913051899,0.1750495043
SEA,2020,60,27,33,45,0.45,72.9,0,Seattle Mariners,54026835,55213899,COTS,2,2,not_highwins_90,0.9598907398,-0.040935814
SEA,2021,162,90,72,0.556,0.5555555556,90,,Seattle Mariners,57010274,83822113,AW,2,1,not_highwins_90,0.7133728162,-0.337751111
SEA,2022,162,90,72,0.556,0.5555555556,90,,Seattle Mariners,86845908,115838907,AW,2,2,not_highwins_90,0.9618073021,-0.038941158
SEA,2023,162,88,74,0.543,0.5432098765,88,,Seattle Mariners,72146948,127966903,AW,2,2,not_highwins_90,0.8671384825,-0.142556589
SFN,1998,163,89,74,54.6,0.5460122699,88.45398773,1925364,San Francisco Giants,40320835,,BBCube,2,,not_highwins_90,0.888750551,-0.117938678
SFN,1999,162,86,76,53.1,0.5308641975,86,2078399,San Francisco Giants,46059557,,BBCube,2,,not_highwins_90,0.9959211814,-0.00408716
SFN,2000,162,97,65,59.9,0.5987654321,97,3318800,San Francisco Giants,53541000,50465747,COTS,2,2,highwins_91,0.8677633712,-0.141836215
SFN,2001,162,90,72,55.6,0.5555555556,90,3311958,San Francisco Giants,63280167,67586969,COTS,2,2,not_highwins_90,0.9642153329,-0.036440635
SFN,2002,162,95,66,58.6,0.5900621118,95,3253203,San Francisco Giants,78299835,78426572,COTS,3,3,highwins_91,1.2340707413,0.2103182506
SFN,2003,161,100,61,62.1,0.6211180124,100.62111801,3264898,San Francisco Giants,82852167,100061211,COTS,3,3,highwins_91,1.1705590138,0.1574814243
SFN,2004,162,91,71,56.2,0.5617283951,91,3256854,San Francisco Giants,82019166,82404615,COTS,3,3,highwins_91,1.2577215411,0.2293017833
SFN,2005,162,75,87,46.3,0.462962963,75,3181023,San Francisco Giants,90199500,83316989,COTS,4,3,not_highwins_90,1.3054984658,0.266584934
SFN,2006,161,76,85,47.2,0.4720496894,76.472049689,3130313,San Francisco Giants,90056419,98978681,COTS,3,3,not_highwins_90,1.2406929382,0.2156700446
SFN,2007,162,71,91,43.8,0.4382716049,71,3223215,San Francisco Giants,90219056,101539796,COTS,3,3,not_highwins_90,1.0335455958,0.032995217
SFN,2008,162,72,90,44.4,0.4444444444,72,2863837,San Francisco Giants,76594500,82074873,COTS,2,2,not_highwins_90,0.9463413244,-0.055151967
SFN,2009,162,88,74,54.3,0.5432098765,88,2862110,San Francisco Giants,82616450,95202185,COTS,3,3,not_highwins_90,1.0127150601,0.0126349025
SFN,2010,162,92,70,56.8,0.5679012346,92,3037443,San Francisco Giants,96277833,101417943,COTS,3,3,highwins_91,1.0649260353,0.0629053463
SFN,2011,162,86,76,53.1,0.5308641975,86,3387303,San Francisco Giants,118198333,125111390,COTS,3,3,not_highwins_90,1.2982475805,0.2610153401
SFN,2012,162,94,68,58,0.5802469136,94,3377371,San Francisco Giants,131355298,138149994,COTS,4,4,highwins_91,1.3971107585,0.3344063603
SFN,2013,162,76,86,46.9,0.4691358025,76,3326796,San Francisco Giants,136908777,141312169,COTS,4,4,not_highwins_90,1.4727476827,0.3871298279
SFN,2014,162,88,74,54.3,0.5432098765,88,3368697,San Francisco Giants,149089475,165138449,COTS,4,4,not_highwins_90,1.4086698459,0.3426458874
SFN,2015,162,84,78,51.9,0.5185185185,84,3375882,San Francisco Giants,173179277,180726826,COTS,4,4,not_highwins_90,1.4802069466,0.3921819068
SFN,2016,162,87,75,53.7,0.537037037,87,3365256,San Francisco Giants,172086610,180876281,COTS,4,4,not_highwins_90,1.39915894,0.335871299
SFN,2017,162,64,98,39.5,0.3950617284,64,3303652,San Francisco Giants,180822611,186568459,COTS,4,4,not_highwins_90,1.3353002352,0.2891561619
SFN,2018,162,73,89,45.1,0.450617284,73,3156185,San Francisco Giants,200505278,209569206,COTS,4,4,not_highwins_90,1.4963683964,0.4030411035
SFN,2019,162,77,85,47.5,0.475308642,77,2707760,San Francisco Giants,170179653,182810115,COTS,4,4,not_highwins_90,1.3838772587,0.3248891674
SFN,2020,60,29,31,48.3,0.4833333333,78.3,0,San Francisco Giants,60900079,,COTS,3,,not_highwins_90,1.0820071523,0.0788177907
SFN,2021,162,107,55,0.66,0.6604938272,107,,San Francisco Giants,134386796,171890308,AW,4,3,highwins_91,1.6815896573,0.5197395706
SFN,2022,162,81,81,0.5,0.5,81,,San Francisco Giants,43246200,162453046,AW,1,3,not_highwins_90,0.4789461232,-0.736167166
SFN,2023,162,79,83,0.488,0.487654321,79,,San Francisco Giants,130565831,187398165,AW,3,3,not_highwins_90,1.5692785308,0.4506159792
SLN,1998,163,83,79,50.9,0.512345679,82.490797546,3195691,St. Louis Cardinals,52572500,,BBCube,4,,not_highwins_90,1.1588013578,0.1473861586
SLN,1999,161,75,86,46.6,0.4658385093,75.465838509,3225334,St. Louis Cardinals,46248195,,BBCube,2,,not_highwins_90,1,0
SLN,2000,162,95,67,58.6,0.5864197531,95,3336493,St. Louis Cardinals,63900000,69111153,COTS,3,3,highwins_91,1.0356564019,0.0350354305
SLN,2001,162,93,69,57.4,0.5740740741,93,3109578,St. Louis Cardinals,78538333,76153956,COTS,3,3,highwins_91,1.1967077283,0.1795742266
SLN,2002,162,97,65,59.9,0.5987654321,97,3011756,St. Louis Cardinals,74660875,76227801,COTS,3,3,highwins_91,1.1767176949,0.1627289481
SLN,2003,162,85,77,52.5,0.524691358,85,2910386,St. Louis Cardinals,83786666,101825848,COTS,3,3,not_highwins_90,1.1837618819,0.168697403
SLN,2004,162,105,57,64.8,0.6481481481,105,3048427,St. Louis Cardinals,83228333,92816050,COTS,3,3,highwins_91,1.2762634924,0.2439366624
SLN,2005,162,100,62,61.7,0.6172839506,100,3538988,St. Louis Cardinals,92106833,87368220,COTS,4,4,highwins_91,1.3331041655,0.2875101818
SLN,2006,161,83,78,51.6,0.5155279503,83.51552795,3407104,St. Louis Cardinals,88891371,96115466,COTS,3,3,not_highwins_90,1.2246422575,0.2026487666
SLN,2007,162,78,84,48.1,0.4814814815,78,3552180,St. Louis Cardinals,90286823,99329875,COTS,3,3,not_highwins_90,1.0343219316,0.0337460735
SLN,2008,162,86,76,53.1,0.5308641975,86,3432917,St. Louis Cardinals,99624449,109090046,COTS,3,3,not_highwins_90,1.2308812384,0.2077303668
SLN,2009,162,91,71,56.2,0.5617283951,91,3343252,St. Louis Cardinals,88528409,102678475,COTS,3,3,highwins_91,1.0851840407,0.0817495954
SLN,2010,162,86,76,53.1,0.5308641975,86,3301218,St. Louis Cardinals,94220500,98354244,COTS,3,3,not_highwins_90,1.0421699407,0.0413050209
SLN,2011,162,90,72,55.6,0.5555555556,90,3093954,St. Louis Cardinals,109048000,113156467,COTS,3,3,not_highwins_90,1.1977436446,0.1804394907
SLN,2012,162,88,74,54.3,0.5432098765,88,3262109,St. Louis Cardinals,111858500,115449953,COTS,3,3,not_highwins_90,1.1897404685,0.1737351896
SLN,2013,162,97,65,59.9,0.5987654321,97,3369769,St. Louis Cardinals,116790787,119642308,COTS,3,3,highwins_91,1.25633553,0.2281991741
SLN,2014,162,90,72,55.6,0.5555555556,90,3540649,St. Louis Cardinals,111250000,121003590,COTS,3,3,not_highwins_90,1.0511440888,0.0498791794
SLN,2015,162,100,62,61.7,0.6172839506,100,3520889,St. Louis Cardinals,122066500,132638936,COTS,3,3,highwins_91,1.0433331538,0.0424205438
SLN,2016,162,86,76,53.1,0.5308641975,86,3444490,St. Louis Cardinals,145553500,153738117,COTS,3,3,not_highwins_90,1.1834301389,0.168417119
SLN,2017,162,83,79,51.2,0.512345679,83,3447937,St. Louis Cardinals,148152933,155235772,COTS,3,3,not_highwins_90,1.0940481679,0.0898847322
SLN,2018,162,88,74,54.3,0.5432098765,88,3403587,St. Louis Cardinals,159698667,165792867,COTS,3,3,not_highwins_90,1.191829166,0.1754892412
SLN,2019,162,91,71,56.2,0.5617283951,91,3480393,St. Louis Cardinals,162620267,178872485,COTS,4,4,highwins_91,1.3224053836,0.2794523386
SLN,2020,58,30,28,51.7,0.5172413793,83.793103448,0,St. Louis Cardinals,69461295,69331172,COTS,3,3,not_highwins_90,1.2341136371,0.2103530097
SLN,2021,162,90,72,0.556,0.5555555556,90,,St. Louis Cardinals,116018560,151469994,AW,3,3,not_highwins_90,1.4517468706,0.3727675697
SLN,2022,162,93,69,0.574,0.5740740741,93,,St. Louis Cardinals,134723541,156428325,AW,3,3,highwins_91,1.4920459523,0.4001483004
SLN,2023,162,71,91,0.438,0.4382716049,71,,St. Louis Cardinals,83908832,153793028,AW,2,2,not_highwins_90,1.0085052696,0.0084693036
TBA,1998,162,63,99,38.9,0.3888888889,63,2506293,Tampa Bay Devil Rays,25317500,,BBCube,1,,not_highwins_90,0.5580475225,-0.583311154
TBA,1999,162,69,93,42.6,0.4259259259,69,1562827,Tampa Bay Devil Rays,37812500,,BBCube,2,,not_highwins_90,0.817599476,-0.2013827
TBA,2000,161,69,92,42.9,0.4285714286,69.428571429,1449673,Tampa Bay Devil Rays,64400000,61231853,COTS,3,3,not_highwins_90,1.0437601297,0.0428297022
TBA,2001,162,62,100,38.3,0.3827160494,62,1298365,Tampa Bay Devil Rays,56980000,50974068,COTS,2,2,not_highwins_90,0.8682181523,-0.141312268
TBA,2002,161,55,106,34.2,0.3416149068,55.341614907,1065742,Tampa Bay Devil Rays,34380000,34728540,COTS,1,1,not_highwins_90,0.5418574903,-0.612752245
TBA,2003,162,63,99,38.9,0.3888888889,63,1058695,Tampa Bay Devil Rays,19630000,31660602,COTS,1,1,not_highwins_90,0.2773382311,-1.282517467
TBA,2004,161,70,91,43.5,0.4347826087,70.434782609,1274911,Tampa Bay Devil Rays,29556667,24427167,COTS,1,1,not_highwins_90,0.45323622,-0.791341832
TBA,2005,162,67,95,41.4,0.4135802469,67,1141669,Tampa Bay Devil Rays,29679067,26615413,COTS,1,1,not_highwins_90,0.4295586609,-0.844996967
TBA,2006,162,61,101,37.7,0.3765432099,61,1368950,Tampa Bay Devil Rays,35417967,36446477,COTS,1,1,not_highwins_90,0.4879476891,-0.717547073
TBA,2007,162,66,96,40.7,0.4074074074,66,1387603,Tampa Bay Devil Rays,24123500,31817020,COTS,1,1,not_highwins_90,0.2763577706,-1.286058982
TBA,2008,162,97,65,59.9,0.5987654321,97,1811986,Tampa Bay Rays,43745597,51020720,COTS,1,1,highwins_91,0.5404861472,-0.615286272
TBA,2009,162,84,78,51.9,0.5185185185,84,1874962,Tampa Bay Rays,63313034,71222532,COTS,1,1,not_highwins_90,0.7760931756,-0.253482694
TBA,2010,162,96,66,59.3,0.5925925926,96,1843445,Tampa Bay Rays,72847133,77510502,COTS,1,2,highwins_91,0.8057598111,-0.215969582
TBA,2011,162,91,71,56.2,0.5617283951,91,1529188,Tampa Bay Rays,42171308,44969740,COTS,1,1,highwins_91,0.4631943378,-0.769608577
TBA,2012,162,90,72,55.6,0.5555555556,90,1559681,Tampa Bay Rays,63627200,70425489,COTS,1,1,not_highwins_90,0.6767465569,-0.390458438
TBA,2013,163,92,71,56.4,0.5644171779,91.435582822,1510300,Tampa Bay Rays,61928975,64610387,COTS,1,1,highwins_91,0.6661790166,-0.406196851
TBA,2014,162,77,85,47.5,0.475308642,77,1446464,Tampa Bay Rays,76872384,77085054,COTS,1,1,not_highwins_90,0.7263276588,-0.319754045
TBA,2015,162,80,82,49.4,0.4938271605,80,1287054,Tampa Bay Rays,75794234,77018676,COTS,1,1,not_highwins_90,0.647832429,-0.434123213
TBA,2016,162,68,94,42,0.4197530864,68,1286163,Tampa Bay Rays,66681991,66672702,COTS,1,1,not_highwins_90,0.5421613213,-0.612191681
TBA,2017,162,80,82,49.4,0.4938271605,80,1253619,Tampa Bay Rays,70064700,81436870,COTS,1,1,not_highwins_90,0.5173988467,-0.658941238
TBA,2018,162,90,72,55.6,0.5555555556,90,1154973,Tampa Bay Rays,76388930,71511584,COTS,1,1,not_highwins_90,0.5700896347,-0.561961677
TBA,2019,162,96,66,59.3,0.5925925926,96,1178735,Tampa Bay Rays,60084133,67443534,COTS,1,1,highwins_91,0.4885958092,-0.716219697
TBA,2020,60,40,20,66.7,0.6666666667,108,0,Tampa Bay Rays,28773481,29411350,COTS,1,1,not_highwins_90,0.5112162866,-0.670962517
TBA,2021,162,100,62,0.617,0.6172839506,100,,Tampa Bay Rays,44288651,70836327,AW,1,1,highwins_91,0.5541864206,-0.590254149
TBA,2022,162,86,76,0.531,0.5308641975,86,,Tampa Bay Rays,50869016,98342073,AW,1,1,not_highwins_90,0.5633678335,-0.573822519
TBA,2023,162,99,63,0.611,0.6111111111,99,,Tampa Bay Rays,52744710,79354272,AW,1,1,highwins_91,0.6339418237,-0.45579809
TEX,1998,162,88,74,54.3,0.5432098765,88,2927399,Texas Rangers,54704595,,BBCube,4,,not_highwins_90,1.2057969273,0.1871406988
TEX,1999,162,95,67,58.6,0.5864197531,95,2771469,Texas Rangers,81301598,,BBCube,4,,highwins_91,1.7579409964,0.5641432358
TEX,2000,162,71,91,43.8,0.4382716049,71,2588401,Texas Rangers,70900000,57879024,COTS,3,2,not_highwins_90,1.14910859,0.1389865026
TEX,2001,162,73,89,45.1,0.450617284,73,2831021,Texas Rangers,87819000,86871306,COTS,3,3,not_highwins_90,1.3381195141,0.2912652807
TEX,2002,162,72,90,44.4,0.4444444444,72,2352397,Texas Rangers,105726122,106915180,COTS,4,4,not_highwins_90,1.6663319118,0.5106247507
TEX,2003,162,71,91,43.8,0.4382716049,71,2094394,Texas Rangers,103491667,106277880,COTS,4,4,not_highwins_90,1.4621597485,0.3799146225
TEX,2004,162,89,73,54.9,0.549382716,89,2513685,Texas Rangers,55050417,79217225,COTS,2,3,not_highwins_90,0.8441697067,-0.16940173
TEX,2005,162,79,83,48.8,0.487654321,79,2525221,Texas Rangers,55849000,49870201,COTS,2,2,not_highwins_90,0.8083280264,-0.21278733
TEX,2006,162,80,82,49.4,0.4938271605,80,2388757,Texas Rangers,68228662,82730146,COTS,2,2,not_highwins_90,0.9399754072,-0.061901567
TEX,2007,162,75,87,46.3,0.462962963,75,2353862,Texas Rangers,68318675,78923435,COTS,2,2,not_highwins_90,0.7826557801,-0.245062296
TEX,2008,162,79,83,48.8,0.487654321,79,1945677,Texas Rangers,67712326,78640138,COTS,2,2,not_highwins_90,0.8366001771,-0.178409008
TEX,2009,162,87,75,53.7,0.537037037,87,2156016,Texas Rangers,68178798,77208810,COTS,1,2,not_highwins_90,0.8357378647,-0.179440274
TEX,2010,162,90,72,55.6,0.5555555556,90,2505171,Texas Rangers,64810570,74302980,COTS,1,1,not_highwins_90,0.7168676445,-0.332864052
TEX,2011,162,96,66,59.3,0.5925925926,96,2946949,Texas Rangers,92124290,103967140,COTS,3,3,highwins_91,1.0118597578,0.011789982
TEX,2012,162,93,69,57.4,0.5740740741,93,3460280,Texas Rangers,120836000,134283218,COTS,4,4,highwins_91,1.285226239,0.2509347643
TEX,2013,163,91,72,55.8,0.5582822086,90.441717791,3178273,Texas Rangers,125340100,137185918,COTS,3,3,highwins_91,1.3483017368,0.2988458278
TEX,2014,162,67,95,41.4,0.4135802469,67,2718733,Texas Rangers,133525939,145707196,COTS,3,3,not_highwins_90,1.2616179909,0.2323950169
TEX,2015,162,88,74,54.3,0.5432098765,88,2491875,Texas Rangers,141733540,156283670,COTS,3,4,not_highwins_90,1.2114323036,0.1918033815
TEX,2016,162,95,67,58.6,0.5864197531,95,2710402,Texas Rangers,158955390,154330755,COTS,3,3,highwins_91,1.2923948876,0.2564969992
TEX,2017,162,78,84,48.1,0.4814814815,78,2507760,Texas Rangers,165348063,174726776,COTS,3,3,not_highwins_90,1.221027095,0.1996923857
TEX,2018,162,67,95,41.4,0.4135802469,67,2107107,Texas Rangers,133137626,148309909,COTS,2,3,not_highwins_90,0.9936044473,-0.006416092
TEX,2019,162,78,84,48.1,0.4814814815,78,2132994,Texas Rangers,118274435,135307635,COTS,2,2,not_highwins_90,0.9617912483,-0.03895785
TEX,2020,60,22,38,36.7,0.3666666667,59.4,0,Texas Rangers,65007408,75194495,COTS,3,4,not_highwins_90,1.1549817597,0.1440845514
TEX,2021,162,60,102,0.37,0.3703703704,60,,Texas Rangers,24843032,95788819,AW,1,2,not_highwins_90,0.310862279,-1.168405298
TEX,2022,162,68,94,0.42,0.4197530864,68,,Texas Rangers,100539086,150037446,AW,3,2,not_highwins_90,1.1134574938,0.1074700334
TEX,2023,162,90,72,0.556,0.5555555556,90,,Texas Rangers,148828188,251332754,AW,3,4,not_highwins_90,1.7887748916,0.5815309675
TOR,1998,163,88,74,54,0.5432098765,87.460122699,2454303,Toronto Blue Jays,48415000,,BBCube,3,,not_highwins_90,1.0671618762,0.0650026724
TOR,1999,162,84,78,51.9,0.5185185185,84,2163464,Toronto Blue Jays,48165333,,BBCube,3,,not_highwins_90,1.0414532502,0.0406170937
TOR,2000,162,83,79,51.2,0.512345679,83,1705712,Toronto Blue Jays,46363332,54518816,COTS,2,2,not_highwins_90,0.751431637,-0.285775043
TOR,2001,162,80,82,49.4,0.4938271605,80,1915438,Toronto Blue Jays,76896000,74274440,COTS,3,3,not_highwins_90,1.1716831,0.1584412621
TOR,2002,162,78,84,48.1,0.4814814815,78,1637900,Toronto Blue Jays,76864333,66814971,COTS,3,3,not_highwins_90,1.2114460318,0.1918147137
TOR,2003,162,86,76,53.1,0.5308641975,86,1799458,Toronto Blue Jays,51269000,61175638,COTS,2,2,not_highwins_90,0.7243430348,-0.322490194
TOR,2004,161,67,94,41.6,0.4161490683,67.416149068,1900041,Toronto Blue Jays,50071000,50651626,COTS,2,1,not_highwins_90,0.7678129193,-0.26420917
TOR,2005,162,80,82,49.4,0.4938271605,80,2014995,Toronto Blue Jays,45719500,45698000,COTS,1,1,not_highwins_90,0.6617191571,-0.412914047
TOR,2006,162,87,75,53.7,0.537037037,87,2302212,Toronto Blue Jays,71915000,72439018,COTS,2,2,not_highwins_90,0.9907614986,-0.009281441
TOR,2007,162,83,79,51.2,0.512345679,83,2360644,Toronto Blue Jays,81942800,95069351,COTS,2,2,not_highwins_90,0.9387331657,-0.063224009
TOR,2008,162,86,76,53.1,0.5308641975,86,2399786,Toronto Blue Jays,97973900,98343520,COTS,3,3,not_highwins_90,1.2104883547,0.1910238771
TOR,2009,162,75,87,46.3,0.462962963,75,1876129,Toronto Blue Jays,80538300,84130513,COTS,2,2,not_highwins_90,0.9872410316,-0.012841063
TOR,2010,162,85,77,52.5,0.524691358,85,1625555,Toronto Blue Jays,78689357,86803549,COTS,2,2,not_highwins_90,0.8703804641,-0.138824848
TOR,2011,162,81,81,50,0.5,81,1818103,Toronto Blue Jays,70567800,75851382,COTS,2,2,not_highwins_90,0.7750910972,-0.254774712
TOR,2012,162,73,89,45.1,0.450617284,73,2099663,Toronto Blue Jays,83739200,92133335,COTS,2,2,not_highwins_90,0.8906602095,-0.115792283
TOR,2013,162,74,88,45.7,0.4567901235,74,2536562,Toronto Blue Jays,119277800,125879791,COTS,3,3,not_highwins_90,1.2830886915,0.2492702115
TOR,2014,162,83,79,51.2,0.512345679,83,2375525,Toronto Blue Jays,137177700,135435701,COTS,3,3,not_highwins_90,1.2961216043,0.259376424
TOR,2015,162,93,69,57.4,0.5740740741,93,2794891,Toronto Blue Jays,125915800,135728804,COTS,3,3,highwins_91,1.0762340915,0.0734679952
TOR,2016,162,89,73,54.9,0.549382716,89,3392099,Toronto Blue Jays,136782027,153365369,COTS,3,3,not_highwins_90,1.1121132313,0.1062620174
TOR,2017,162,76,86,46.9,0.4691358025,76,3203886,Toronto Blue Jays,163381937,165179831,COTS,3,3,not_highwins_90,1.2065080672,0.1877302925
TOR,2018,162,73,89,45.1,0.450617284,73,2325281,Toronto Blue Jays,162037223,157226219,COTS,3,3,not_highwins_90,1.2092817803,0.1900266134
TOR,2019,162,67,95,41.4,0.4135802469,67,1750114,Toronto Blue Jays,114546171,120288261,COTS,2,2,not_highwins_90,0.9314735242,-0.070987512
TOR,2020,60,32,28,53.3,0.5333333333,86.4,0,Toronto Blue Jays,51538089,54610530,COTS,2,2,not_highwins_90,0.9156733756,-0.088095555
TOR,2021,162,91,71,0.562,0.5617283951,91,,Toronto Blue Jays,109902749,150140253,AW,3,3,highwins_91,1.3752193781,0.3186132661
TOR,2022,162,92,70,0.568,0.5679012346,92,,Toronto Blue Jays,141674814,177013980,AW,3,3,highwins_91,1.56903041,0.4504578553
TOR,2023,162,89,73,0.549,0.549382716,89,,Toronto Blue Jays,194200854,214630885,AW,4,3,not_highwins_90,2.3341116776,0.8476313809
WAS,2005,162,81,81,50,0.5,81,2731993,Washington Nationals,48581500,62866000,COTS,1,2,not_highwins_90,0.7031421872,-0.35219615
WAS,2006,162,71,91,43.8,0.4382716049,71,2153056,Washington Nationals,63143000,67483815,COTS,2,2,not_highwins_90,0.869911052,-0.139364312
WAS,2007,162,73,89,45.1,0.450617284,73,1943812,Washington Nationals,37374500,43254278,COTS,1,1,not_highwins_90,0.4281606523,-0.848256798
WAS,2008,161,59,102,36.6,0.3664596273,59.366459627,2320400,Washington Nationals,54961000,59699668,COTS,1,1,not_highwins_90,0.6790548346,-0.387053397
WAS,2009,162,59,103,36.4,0.3641975309,59,1817226,Washington Nationals,60328000,69321137,COTS,1,1,not_highwins_90,0.7395025343,-0.30177757
WAS,2010,162,69,93,42.6,0.4259259259,69,1828066,Washington Nationals,66275000,71937323,COTS,1,1,not_highwins_90,0.7330656579,-0.310520007
WAS,2011,161,80,81,49.7,0.4968944099,80.49689441,1940478,Washington Nationals,68306929,72022999,COTS,1,1,not_highwins_90,0.7502585109,-0.287337451
WAS,2012,162,98,64,60.5,0.6049382716,98,2370794,Washington Nationals,92534929,96704070,COTS,2,2,highwins_91,0.9842126417,-0.015913306
WAS,2013,162,86,76,53.1,0.5308641975,86,2652422,Washington Nationals,118289679,120935536,COTS,3,3,not_highwins_90,1.2724593298,0.2409515081
WAS,2014,162,96,66,59.3,0.5925925926,96,2579389,Washington Nationals,137356579,141803228,COTS,3,3,highwins_91,1.29781174,0.2606795693
WAS,2015,162,83,79,51.2,0.512345679,83,2619843,Washington Nationals,162014559,169277370,COTS,4,4,not_highwins_90,1.3847792867,0.3255407672
WAS,2016,162,95,67,58.6,0.5864197531,95,2481938,Washington Nationals,145178886,155516130,COTS,3,3,highwins_91,1.1803843207,0.165840081
WAS,2017,162,97,65,59.9,0.5987654321,97,2524980,Washington Nationals,164335444,178944530,COTS,3,4,highwins_91,1.2135493223,0.19354939
WAS,2018,162,82,80,50.6,0.5061728395,82,2529604,Washington Nationals,180849056,184734387,COTS,4,4,not_highwins_90,1.3496742561,0.2998632715
WAS,2019,162,93,69,57.4,0.5740740741,93,2259781,Washington Nationals,197203691,205283436,COTS,4,4,highwins_91,1.6036329755,0.472271665
WAS,2020,60,26,34,43.3,0.4333333333,70.2,0,Washington Nationals,69199277,76195840,COTS,3,4,not_highwins_90,1.2294583829,0.2065737333
WAS,2021,162,65,97,0.401,0.4012345679,65,,Washington Nationals,50076145,144415187,AW,2,3,not_highwins_90,0.6266056638,-0.467437862
WAS,2022,162,55,107,0.34,0.3395061728,55,,Washington Nationals,58988509,126809535,AW,2,2,not_highwins_90,0.653290178,-0.425733872
WAS,2023,162,71,91,0.438,0.4382716049,71,,Washington Nationals,49949016,93378663,AW,1,1,not_highwins_90,0.6003402103,-0.510258767