game_id,season,label_win,score_differential,posteam_spread,yardline_100,down,ydstogo
2016_01_BUF_BAL,2016,1,0,-3,86,1,10
2016_01_BUF_BAL,2016,1,0,-3,80,2,4
2016_01_BUF_BAL,2016,1,0,-3,75,1,10
2016_01_BUF_BAL,2016,1,0,-3,75,2,10
2016_01_BUF_BAL,2016,1,0,-3,66,3,1
2016_01_BUF_BAL,2016,1,0,-3,66,4,1
2016_01_BUF_BAL,2016,1,0,-3,71,4,6
2016_01_BUF_BAL,2016,0,0,3,68,1,10
2016_01_BUF_BAL,2016,0,0,3,66,2,8
2016_01_BUF_BAL,2016,0,0,3,72,3,14
2016_01_BUF_BAL,2016,0,0,3,76,4,18
2016_01_BUF_BAL,2016,1,0,-3,66,1,10
2016_01_BUF_BAL,2016,1,0,-3,63,2,7
2016_01_BUF_BAL,2016,1,0,-3,57,3,1
2016_01_BUF_BAL,2016,1,0,-3,62,3,6
2016_01_BUF_BAL,2016,1,0,-3,67,3,11
2016_01_BUF_BAL,2016,1,0,-3,51,1,10
2016_01_BUF_BAL,2016,1,0,-3,51,2,10
2016_01_BUF_BAL,2016,0,0,3,47,1,10
2016_01_BUF_BAL,2016,0,0,3,42,2,5
2016_01_BUF_BAL,2016,0,0,3,43,3,6
2016_01_BUF_BAL,2016,0,0,3,43,4,6
2016_01_BUF_BAL,2016,0,0,3,48,4,11
2016_01_BUF_BAL,2016,1,0,-3,91,1,10
2016_01_BUF_BAL,2016,1,0,-3,89,2,8
2016_01_BUF_BAL,2016,1,0,-3,54,1,10
2016_01_BUF_BAL,2016,1,0,-3,49,2,5
2016_01_BUF_BAL,2016,1,0,-3,43,1,10
2016_01_BUF_BAL,2016,1,0,-3,27,1,10
2016_01_BUF_BAL,2016,1,0,-3,24,2,7
2016_01_BUF_BAL,2016,1,0,-3,34,2,17
2016_01_BUF_BAL,2016,1,0,-3,34,3,17
2016_01_BUF_BAL,2016,1,0,-3,32,4,15
2016_01_BUF_BAL,2016,0,-3,3,75,1,10
2016_01_BUF_BAL,2016,0,-3,3,74,2,9
2016_01_BUF_BAL,2016,0,-3,3,69,3,4
2016_01_BUF_BAL,2016,0,-3,3,64,1,10
2016_01_BUF_BAL,2016,0,-3,3,64,2,10
2016_01_BUF_BAL,2016,0,-3,3,60,3,6
2016_01_BUF_BAL,2016,0,-3,3,64,4,10
2016_01_BUF_BAL,2016,1,3,-3,85,1,10
2016_01_BUF_BAL,2016,1,3,-3,85,2,10
2016_01_BUF_BAL,2016,1,3,-3,76,3,1
2016_01_BUF_BAL,2016,1,3,-3,75,1,10
2016_01_BUF_BAL,2016,1,3,-3,80,1,15
2016_01_BUF_BAL,2016,1,3,-3,70,2,5
2016_01_BUF_BAL,2016,1,3,-3,66,3,1
2016_01_BUF_BAL,2016,0,-10,3,75,1,10
2016_01_BUF_BAL,2016,0,-10,3,59,1,10
2016_01_BUF_BAL,2016,0,-10,3,51,2,2
2016_01_BUF_BAL,2016,0,-10,3,61,2,12
2016_01_BUF_BAL,2016,0,-10,3,53,3,4
2016_01_BUF_BAL,2016,0,-10,3,47,1,10
2016_01_BUF_BAL,2016,0,-10,3,34,1,10
2016_01_BUF_BAL,2016,0,-10,3,34,2,10
2016_01_BUF_BAL,2016,0,-10,3,37,3,13
2016_01_BUF_BAL,2016,0,-10,3,4,1,4
2016_01_BUF_BAL,2016,0,-10,3,1,2,1
2016_01_BUF_BAL,2016,0,-10,3,1,3,1
2016_01_BUF_BAL,2016,0,-10,3,1,4,1
2016_01_BUF_BAL,2016,1,3,-3,77,1,10
2016_01_BUF_BAL,2016,1,3,-3,77,2,10
2016_01_BUF_BAL,2016,1,3,-3,72,3,5
2016_01_BUF_BAL,2016,1,3,-3,62,1,10
2016_01_BUF_BAL,2016,1,3,-3,56,2,4
2016_01_BUF_BAL,2016,1,3,-3,53,3,1
2016_01_BUF_BAL,2016,1,3,-3,46,1,10
2016_01_BUF_BAL,2016,1,3,-3,46,2,10
2016_01_BUF_BAL,2016,1,3,-3,46,3,10
2016_01_BUF_BAL,2016,0,-3,3,75,1,10
2016_01_BUF_BAL,2016,0,-3,3,71,2,6
2016_01_BUF_BAL,2016,0,-3,3,65,1,10
2016_01_BUF_BAL,2016,0,-3,3,46,1,10
2016_01_BUF_BAL,2016,0,-3,3,42,2,6
2016_01_BUF_BAL,2016,0,-3,3,37,3,1
2016_01_BUF_BAL,2016,0,-3,3,37,4,1
2016_01_BUF_BAL,2016,0,-3,3,26,1,10
2016_01_BUF_BAL,2016,0,-3,3,26,2,10
2016_01_BUF_BAL,2016,0,-3,3,32,3,16
2016_01_BUF_BAL,2016,0,-3,3,31,4,15
2016_01_BUF_BAL,2016,1,3,-3,61,1,10
2016_01_BUF_BAL,2016,1,3,-3,61,2,10
2016_01_BUF_BAL,2016,1,3,-3,53,3,2
2016_01_BUF_BAL,2016,1,3,-3,53,4,2
2016_01_BUF_BAL,2016,0,-3,3,72,1,10
2016_01_BUF_BAL,2016,0,-3,3,72,2,10
2016_01_BUF_BAL,2016,0,-3,3,61,1,10
2016_01_BUF_BAL,2016,0,-3,3,57,2,6
2016_01_BUF_BAL,2016,0,-3,3,53,3,2
2016_01_BUF_BAL,2016,0,-3,3,55,4,4
2016_01_BUF_BAL,2016,1,3,-3,91,1,10
2016_01_BUF_BAL,2016,1,3,-3,93,2,12
2016_01_BUF_BAL,2016,1,3,-3,78,1,10
2016_01_BUF_BAL,2016,1,3,-3,66,1,10
2016_01_BUF_BAL,2016,1,3,-3,51,1,10
2016_01_BUF_BAL,2016,1,3,-3,45,2,4
2016_01_BUF_BAL,2016,1,3,-3,47,3,6
2016_01_BUF_BAL,2016,1,3,-3,42,4,1
2016_01_BUF_BAL,2016,0,-3,3,58,1,10
2016_01_BUF_BAL,2016,0,-3,3,58,2,10
2016_01_BUF_BAL,2016,0,-3,3,56,3,8
2016_01_BUF_BAL,2016,0,-3,3,49,4,1
2016_01_BUF_BAL,2016,1,3,-3,70,1,10
2016_01_BUF_BAL,2016,1,3,-3,70,2,10
2016_01_BUF_BAL,2016,1,3,-3,70,3,10
2016_01_BUF_BAL,2016,1,3,-3,78,4,18
2016_01_BUF_BAL,2016,0,-3,3,65,1,10
2016_01_BUF_BAL,2016,0,-3,3,62,2,7
2016_01_BUF_BAL,2016,0,-3,3,62,3,7
2016_01_BUF_BAL,2016,0,-3,3,59,4,4
2016_01_BUF_BAL,2016,1,3,-3,78,1,10
2016_01_BUF_BAL,2016,1,3,-3,78,2,10
2016_01_BUF_BAL,2016,1,3,-3,65,1,10
2016_01_BUF_BAL,2016,1,3,-3,61,2,6
2016_01_BUF_BAL,2016,1,3,-3,52,1,10
2016_01_BUF_BAL,2016,1,3,-3,50,2,8
2016_01_BUF_BAL,2016,1,3,-3,23,1,10
2016_01_BUF_BAL,2016,1,3,-3,21,2,8
2016_01_BUF_BAL,2016,1,3,-3,21,3,8
2016_01_BUF_BAL,2016,1,3,-3,27,4,14
2016_01_BUF_BAL,2016,1,3,-3,13,1,10
2016_01_BUF_BAL,2016,1,3,-3,13,2,10
2016_01_BUF_BAL,2016,1,3,-3,10,3,7
2016_01_BUF_BAL,2016,1,3,-3,19,4,16
2016_01_BUF_BAL,2016,0,-6,3,78,1,10
2016_01_BUF_BAL,2016,0,-6,3,78,2,10
2016_01_BUF_BAL,2016,0,-6,3,83,2,15
2016_01_BUF_BAL,2016,0,-6,3,74,3,6
2016_01_BUF_BAL,2016,0,-6,3,86,4,18
2016_01_BUF_BAL,2016,1,6,-3,64,1,10
2016_01_BUF_BAL,2016,1,6,-3,65,2,11
2016_01_BUF_BAL,2016,1,6,-3,54,1,10
2016_01_BUF_BAL,2016,1,6,-3,52,2,8
2016_01_BUF_BAL,2016,1,6,-3,45,3,1
2016_01_CAR_DEN,2016,1,0,3,75,1,10
2016_01_CAR_DEN,2016,1,0,3,64,1,10
2016_01_CAR_DEN,2016,1,0,3,64,2,10
2016_01_CAR_DEN,2016,1,0,3,64,3,10
2016_01_CAR_DEN,2016,1,0,3,52,1,10
2016_01_CAR_DEN,2016,1,0,3,47,2,5
2016_01_CAR_DEN,2016,1,0,3,34,1,10
2016_01_CAR_DEN,2016,1,0,3,29,2,5
2016_01_CAR_DEN,2016,0,0,-3,71,1,10
2016_01_CAR_DEN,2016,0,0,-3,65,2,4
2016_01_CAR_DEN,2016,0,0,-3,54,1,10
2016_01_CAR_DEN,2016,0,0,-3,53,2,9
2016_01_CAR_DEN,2016,0,0,-3,53,3,9
2016_01_CAR_DEN,2016,0,0,-3,36,1,10
2016_01_CAR_DEN,2016,0,0,-3,16,1,10
2016_01_CAR_DEN,2016,0,0,-3,14,2,8
2016_01_CAR_DEN,2016,1,-7,3,75,1,10
2016_01_CAR_DEN,2016,1,-7,3,61,1,10
2016_01_CAR_DEN,2016,1,-7,3,58,2,7
2016_01_CAR_DEN,2016,1,-7,3,50,1,10
2016_01_CAR_DEN,2016,1,-7,3,51,2,11
2016_01_CAR_DEN,2016,1,-7,3,30,1,10
2016_01_CAR_DEN,2016,1,-7,3,24,2,4
2016_01_CAR_DEN,2016,1,-7,3,22,3,2
2016_01_CAR_DEN,2016,1,-7,3,16,1,10
2016_01_CAR_DEN,2016,1,-7,3,16,2,10
2016_01_CAR_DEN,2016,1,-7,3,25,3,19
2016_01_CAR_DEN,2016,0,7,-3,64,1,10
2016_01_CAR_DEN,2016,0,7,-3,64,2,10
2016_01_CAR_DEN,2016,0,7,-3,60,3,6
2016_01_CAR_DEN,2016,0,7,-3,59,4,5
2016_01_CAR_DEN,2016,1,-7,3,80,1,10
2016_01_CAR_DEN,2016,1,-7,3,65,1,10
2016_01_CAR_DEN,2016,1,-7,3,37,1,10
2016_01_CAR_DEN,2016,1,-7,3,29,2,2
2016_01_CAR_DEN,2016,1,-7,3,28,3,1
2016_01_CAR_DEN,2016,0,0,-3,89,1,10
2016_01_CAR_DEN,2016,0,0,-3,85,2,6
2016_01_CAR_DEN,2016,0,0,-3,85,3,6
2016_01_CAR_DEN,2016,0,0,-3,70,1,10
2016_01_CAR_DEN,2016,0,0,-3,64,2,4
2016_01_CAR_DEN,2016,0,0,-3,61,3,1
2016_01_CAR_DEN,2016,0,0,-3,58,1,10
2016_01_CAR_DEN,2016,0,0,-3,54,2,6
2016_01_CAR_DEN,2016,0,0,-3,48,1,10
2016_01_CAR_DEN,2016,0,0,-3,44,2,6
2016_01_CAR_DEN,2016,0,0,-3,44,3,6
2016_01_CAR_DEN,2016,0,0,-3,35,1,10
2016_01_CAR_DEN,2016,0,0,-3,35,2,10
2016_01_CAR_DEN,2016,0,0,-3,35,3,10
2016_01_CAR_DEN,2016,0,0,-3,22,1,10
2016_01_CAR_DEN,2016,0,0,-3,19,2,7
2016_01_CAR_DEN,2016,0,0,-3,19,3,7
2016_01_CAR_DEN,2016,0,0,-3,4,1,4
2016_01_CAR_DEN,2016,0,0,-3,2,1,2
2016_01_CAR_DEN,2016,1,-7,3,75,1,10
2016_01_CAR_DEN,2016,1,-7,3,73,2,8
2016_01_CAR_DEN,2016,1,-7,3,72,3,7
2016_01_CAR_DEN,2016,1,-7,3,72,4,7
2016_01_CAR_DEN,2016,0,7,-3,78,1,10
2016_01_CAR_DEN,2016,0,7,-3,69,2,1
2016_01_CAR_DEN,2016,0,7,-3,66,1,10
2016_01_CAR_DEN,2016,0,7,-3,50,1,10
2016_01_CAR_DEN,2016,0,7,-3,45,1,5
2016_01_CAR_DEN,2016,0,7,-3,33,1,10
2016_01_CAR_DEN,2016,0,7,-3,33,2,10
2016_01_CAR_DEN,2016,0,7,-3,26,3,3
2016_01_CAR_DEN,2016,0,10,-3,75,1,10
2016_01_CAR_DEN,2016,0,10,-3,72,2,7
2016_01_CAR_DEN,2016,0,10,-3,65,1,10
2016_01_CAR_DEN,2016,0,10,-3,61,2,6
2016_01_CAR_DEN,2016,0,10,-3,56,3,1
2016_01_CAR_DEN,2016,0,10,-3,56,4,1
2016_01_CAR_DEN,2016,1,-10,3,80,1,10
2016_01_CAR_DEN,2016,1,-10,3,57,1,10
2016_01_CAR_DEN,2016,1,-10,3,55,2,8
2016_01_CAR_DEN,2016,1,-10,3,40,1,10
2016_01_CAR_DEN,2016,1,-10,3,30,1,10
2016_01_CAR_DEN,2016,0,10,-3,89,1,10
2016_01_CAR_DEN,2016,0,10,-3,82,2,3
2016_01_CAR_DEN,2016,0,10,-3,82,3,3
2016_01_CAR_DEN,2016,0,10,-3,89,4,10
2016_01_CAR_DEN,2016,1,-10,3,86,1,10
2016_01_CAR_DEN,2016,1,-10,3,85,2,9
2016_01_CAR_DEN,2016,1,-10,3,90,3,14
2016_01_CAR_DEN,2016,1,-10,3,85,4,9
2016_01_CAR_DEN,2016,0,10,-3,61,1,10
2016_01_CAR_DEN,2016,0,10,-3,61,2,10
2016_01_CAR_DEN,2016,0,10,-3,61,3,10
2016_01_CAR_DEN,2016,0,10,-3,76,3,25
2016_01_CAR_DEN,2016,0,10,-3,81,3,30
2016_01_CAR_DEN,2016,0,10,-3,68,4,17
2016_01_CAR_DEN,2016,1,-10,3,78,1,10
2016_01_CAR_DEN,2016,1,-10,3,72,2,4
2016_01_CAR_DEN,2016,1,-10,3,61,1,10
2016_01_CAR_DEN,2016,1,-10,3,63,2,12
2016_01_CAR_DEN,2016,1,-10,3,50,1,10
2016_01_CAR_DEN,2016,1,-10,3,40,1,10
2016_01_CAR_DEN,2016,1,-10,3,34,2,4
2016_01_CAR_DEN,2016,1,-10,3,25,1,10
2016_01_CAR_DEN,2016,0,3,-3,75,1,10
2016_01_CAR_DEN,2016,0,3,-3,69,2,4
2016_01_CAR_DEN,2016,1,-3,3,23,1,10
2016_01_CAR_DEN,2016,1,-3,3,14,2,1
2016_01_CAR_DEN,2016,1,-3,3,14,3,1
2016_01_CAR_DEN,2016,1,-3,3,11,1,10
2016_01_CAR_DEN,2016,1,-3,3,8,2,7
2016_01_CAR_DEN,2016,1,-3,3,8,3,7
2016_01_CAR_DEN,2016,1,-3,3,2,4,1
2016_01_CAR_DEN,2016,1,-3,3,1,1,1
2016_01_CAR_DEN,2016,1,-3,3,1,2,1
2016_01_CAR_DEN,2016,1,-3,3,1,3,1
2016_01_CAR_DEN,2016,0,-4,-3,75,1,10
2016_01_CAR_DEN,2016,0,-4,-3,70,2,5
2016_01_CAR_DEN,2016,0,-4,-3,67,3,2
2016_01_CAR_DEN,2016,0,-4,-3,56,1,10
2016_01_CAR_DEN,2016,0,-4,-3,53,2,7
2016_01_CAR_DEN,2016,0,-4,-3,35,1,10
2016_01_CAR_DEN,2016,0,-4,-3,23,1,10
2016_01_CAR_DEN,2016,0,-4,-3,19,2,6
2016_01_CAR_DEN,2016,0,-4,-3,18,3,5
2016_01_CAR_DEN,2016,0,-4,-3,18,4,5
2016_01_CAR_DEN,2016,1,1,3,75,1,10
2016_01_CAR_DEN,2016,1,1,3,75,2,10
2016_01_CAR_DEN,2016,1,1,3,72,3,7
2016_01_CAR_DEN,2016,1,1,3,82,4,17
2016_01_CAR_DEN,2016,0,-1,-3,60,1,10
2016_01_CAR_DEN,2016,0,-1,-3,65,1,15
2016_01_CAR_DEN,2016,0,-1,-3,70,2,20
2016_01_CAR_DEN,2016,0,-1,-3,65,3,15
2016_01_CAR_DEN,2016,0,-1,-3,71,4,21
2016_01_CAR_DEN,2016,0,-1,-3,66,1,10
2016_01_CAR_DEN,2016,0,-1,-3,61,2,5
2016_01_CAR_DEN,2016,0,-1,-3,61,3,5
2016_01_CAR_DEN,2016,0,-1,-3,53,1,10
2016_01_CAR_DEN,2016,0,-1,-3,53,2,10
2016_01_CAR_DEN,2016,0,-1,-3,53,2,10
2016_01_CAR_DEN,2016,0,-1,-3,53,3,10
2016_01_CAR_DEN,2016,0,-1,-3,37,1,10
2016_01_CAR_DEN,2016,0,-1,-3,37,2,10
2016_01_CAR_DEN,2016,0,-1,-3,32,3,5
2016_01_CHI_HOU,2016,1,0,-5.5,73,1,10
2016_01_CHI_HOU,2016,1,0,-5.5,65,2,2
2016_01_CHI_HOU,2016,1,0,-5.5,59,1,10
2016_01_CHI_HOU,2016,1,0,-5.5,53,2,4
2016_01_CHI_HOU,2016,1,0,-5.5,51,3,2
2016_01_CHI_HOU,2016,1,0,-5.5,36,1,10
2016_01_CHI_HOU,2016,1,0,-5.5,34,2,8
2016_01_CHI_HOU,2016,0,0,5.5,75,1,10
2016_01_CHI_HOU,2016,0,0,5.5,71,2,6
2016_01_CHI_HOU,2016,0,0,5.5,65,1,10
2016_01_CHI_HOU,2016,0,0,5.5,63,2,8
2016_01_CHI_HOU,2016,0,0,5.5,62,3,7
2016_01_CHI_HOU,2016,0,0,5.5,49,1,10
2016_01_CHI_HOU,2016,0,0,5.5,20,1,10
2016_01_CHI_HOU,2016,0,0,5.5,25,1,15
2016_01_CHI_HOU,2016,0,0,5.5,5,1,5
2016_01_CHI_HOU,2016,0,0,5.5,1,2,1
2016_01_CHI_HOU,2016,1,-7,-5.5,76,1,10
2016_01_CHI_HOU,2016,1,-7,-5.5,86,1,20
2016_01_CHI_HOU,2016,1,-7,-5.5,92,2,26
2016_01_CHI_HOU,2016,1,-7,-5.5,96,2,30
2016_01_CHI_HOU,2016,1,-7,-5.5,90,3,24
2016_01_CHI_HOU,2016,1,-7,-5.5,78,4,12
2016_01_CHI_HOU,2016,0,7,5.5,40,1,10
2016_01_CHI_HOU,2016,0,7,5.5,36,2,6
2016_01_CHI_HOU,2016,0,7,5.5,36,3,6
2016_01_CHI_HOU,2016,0,7,5.5,31,4,1
2016_01_CHI_HOU,2016,1,-7,-5.5,69,1,10
2016_01_CHI_HOU,2016,1,-7,-5.5,65,2,6
2016_01_CHI_HOU,2016,1,-7,-5.5,54,1,10
2016_01_CHI_HOU,2016,1,-7,-5.5,47,2,3
2016_01_CHI_HOU,2016,1,-7,-5.5,42,1,10
2016_01_CHI_HOU,2016,1,-7,-5.5,42,2,10
2016_01_CHI_HOU,2016,1,-7,-5.5,37,3,5
2016_01_CHI_HOU,2016,1,-7,-5.5,25,1,10
2016_01_CHI_HOU,2016,1,-7,-5.5,21,2,6
2016_01_CHI_HOU,2016,1,-7,-5.5,16,3,1
2016_01_CHI_HOU,2016,1,-7,-5.5,10,1,10
2016_01_CHI_HOU,2016,1,-7,-5.5,20,1,20
2016_01_CHI_HOU,2016,1,-7,-5.5,17,2,17
2016_01_CHI_HOU,2016,1,-7,-5.5,10,3,10
2016_01_CHI_HOU,2016,1,-7,-5.5,10,4,10
2016_01_CHI_HOU,2016,0,4,5.5,90,1,10
2016_01_CHI_HOU,2016,0,4,5.5,90,2,10
2016_01_CHI_HOU,2016,0,4,5.5,83,3,3
2016_01_CHI_HOU,2016,0,4,5.5,78,1,10
2016_01_CHI_HOU,2016,0,4,5.5,74,2,6
2016_01_CHI_HOU,2016,0,4,5.5,70,3,2
2016_01_CHI_HOU,2016,0,4,5.5,77,4,9
2016_01_CHI_HOU,2016,1,-4,-5.5,61,1,10
2016_01_CHI_HOU,2016,1,-4,-5.5,58,2,7
2016_01_CHI_HOU,2016,1,-4,-5.5,53,3,2
2016_01_CHI_HOU,2016,1,-4,-5.5,47,1,10
2016_01_CHI_HOU,2016,1,-4,-5.5,43,2,6
2016_01_CHI_HOU,2016,1,-4,-5.5,43,3,6
2016_01_CHI_HOU,2016,1,-4,-5.5,34,1,10
2016_01_CHI_HOU,2016,1,-4,-5.5,31,2,7
2016_01_CHI_HOU,2016,1,-4,-5.5,25,3,1
2016_01_CHI_HOU,2016,1,-4,-5.5,23,1,10
2016_01_CHI_HOU,2016,0,-3,5.5,78,1,10
2016_01_CHI_HOU,2016,0,-3,5.5,62,1,10
2016_01_CHI_HOU,2016,0,-3,5.5,57,2,5
2016_01_CHI_HOU,2016,0,-3,5.5,58,3,6
2016_01_CHI_HOU,2016,0,-3,5.5,58,4,6
2016_01_CHI_HOU,2016,1,3,-5.5,83,1,10
2016_01_CHI_HOU,2016,1,3,-5.5,83,2,10
2016_01_CHI_HOU,2016,1,3,-5.5,78,3,5
2016_01_CHI_HOU,2016,1,3,-5.5,85,4,12
2016_01_CHI_HOU,2016,0,-3,5.5,75,1,10
2016_01_CHI_HOU,2016,0,-3,5.5,63,1,10
2016_01_CHI_HOU,2016,0,-3,5.5,73,1,20
2016_01_CHI_HOU,2016,0,-3,5.5,19,1,10
2016_01_CHI_HOU,2016,0,4,5.5,83,1,10
2016_01_CHI_HOU,2016,0,4,5.5,78,2,5
2016_01_CHI_HOU,2016,1,-4,-5.5,25,1,10
2016_01_CHI_HOU,2016,1,-4,-5.5,5,1,5
2016_01_CHI_HOU,2016,1,-4,-5.5,15,1,15
2016_01_CHI_HOU,2016,1,-4,-5.5,15,2,15
2016_01_CHI_HOU,2016,1,-4,-5.5,10,3,10
2016_01_CHI_HOU,2016,1,-4,-5.5,10,4,10
2016_01_CHI_HOU,2016,0,1,5.5,75,1,10
2016_01_CHI_HOU,2016,0,1,5.5,76,2,11
2016_01_CHI_HOU,2016,0,1,5.5,76,3,11
2016_01_CHI_HOU,2016,0,1,5.5,77,4,12
2016_01_CHI_HOU,2016,1,-1,-5.5,69,1,10
2016_01_CHI_HOU,2016,1,-1,-5.5,69,2,10
2016_01_CHI_HOU,2016,1,-1,-5.5,73,3,14
2016_01_CHI_HOU,2016,1,-1,-5.5,73,4,14
2016_01_CHI_HOU,2016,0,1,5.5,61,1,10
2016_01_CHI_HOU,2016,0,1,5.5,46,1,10
2016_01_CHI_HOU,2016,0,1,5.5,39,2,3
2016_01_CHI_HOU,2016,0,1,5.5,38,3,2
2016_01_CHI_HOU,2016,0,1,5.5,38,4,2
2016_01_CHI_HOU,2016,1,-1,-5.5,91,1,10
2016_01_CHI_HOU,2016,1,-1,-5.5,90,2,9
2016_01_CHI_HOU,2016,1,-1,-5.5,82,3,1
2016_01_CHI_HOU,2016,1,-1,-5.5,79,1,10
2016_01_CHI_HOU,2016,1,-1,-5.5,88,2,19
2016_01_CHI_HOU,2016,1,-1,-5.5,84,3,15
2016_01_CHI_HOU,2016,1,-1,-5.5,70,4,1
2016_01_CHI_HOU,2016,0,1,5.5,86,1,10
2016_01_CHI_HOU,2016,0,1,5.5,82,2,6
2016_01_CHI_HOU,2016,0,1,5.5,82,3,6
2016_01_CHI_HOU,2016,0,1,5.5,82,4,6
2016_01_CHI_HOU,2016,1,-1,-5.5,64,1,10
2016_01_CHI_HOU,2016,1,-1,-5.5,64,2,10
2016_01_CHI_HOU,2016,1,-1,-5.5,58,3,4
2016_01_CHI_HOU,2016,1,-1,-5.5,31,1,10
2016_01_CHI_HOU,2016,1,-1,-5.5,26,1,5
2016_01_CHI_HOU,2016,1,-1,-5.5,26,2,5
2016_01_CHI_HOU,2016,1,-1,-5.5,22,3,1
2016_01_CHI_HOU,2016,1,-1,-5.5,21,1,10
2016_01_CHI_HOU,2016,1,-1,-5.5,21,2,10
2016_01_CHI_HOU,2016,1,-1,-5.5,18,3,7
2016_01_CHI_HOU,2016,0,-6,5.5,83,1,10
2016_01_CHI_HOU,2016,0,-6,5.5,77,2,4
2016_01_CHI_HOU,2016,0,-6,5.5,78,3,5
2016_01_CHI_HOU,2016,0,-6,5.5,59,1,10
2016_01_CHI_HOU,2016,0,-6,5.5,60,2,11
2016_01_CHI_HOU,2016,0,-6,5.5,55,3,6
2016_01_CHI_HOU,2016,0,-6,5.5,64,4,15
2016_01_CHI_HOU,2016,1,6,-5.5,66,1,10
2016_01_CHI_HOU,2016,1,6,-5.5,60,2,4
2016_01_CHI_HOU,2016,1,6,-5.5,59,3,3
2016_01_CHI_HOU,2016,1,6,-5.5,24,1,10
2016_01_CHI_HOU,2016,1,6,-5.5,20,2,6
2016_01_CHI_HOU,2016,1,6,-5.5,20,3,6
2016_01_CHI_HOU,2016,1,6,-5.5,20,4,6
2016_01_CHI_HOU,2016,0,-9,5.5,74,1,10
2016_01_CHI_HOU,2016,0,-9,5.5,68,2,4
2016_01_CHI_HOU,2016,0,-9,5.5,68,3,4
2016_01_CHI_HOU,2016,0,-9,5.5,76,4,12
2016_01_CHI_HOU,2016,1,9,-5.5,76,1,10
2016_01_CHI_HOU,2016,1,9,-5.5,74,2,8
2016_01_CHI_HOU,2016,1,9,-5.5,71,3,5
2016_01_CHI_HOU,2016,1,9,-5.5,59,1,10
2016_01_CHI_HOU,2016,1,9,-5.5,59,2,10
2016_01_CHI_HOU,2016,1,9,-5.5,56,3,7
2016_01_CHI_HOU,2016,1,9,-5.5,56,4,7
2016_01_CHI_HOU,2016,0,-9,5.5,79,1,10
2016_01_CHI_HOU,2016,0,-9,5.5,69,1,10
2016_01_CHI_HOU,2016,0,-9,5.5,75,2,16
2016_01_CHI_HOU,2016,0,-9,5.5,74,3,15
2016_01_CHI_HOU,2016,0,-9,5.5,55,1,10
2016_01_CHI_HOU,2016,0,-9,5.5,55,2,10
2016_01_CHI_HOU,2016,0,-9,5.5,55,3,10
2016_01_CHI_HOU,2016,0,-9,5.5,55,4,10
2016_01_CIN_NYJ,2016,1,0,1,75,1,10
2016_01_CIN_NYJ,2016,1,0,1,74,2,9
2016_01_CIN_NYJ,2016,1,0,1,66,3,1
2016_01_CIN_NYJ,2016,1,0,1,71,3,6
2016_01_CIN_NYJ,2016,1,0,1,72,4,7
2016_01_CIN_NYJ,2016,0,0,-1,78,1,10
2016_01_CIN_NYJ,2016,0,0,-1,69,2,1
2016_01_CIN_NYJ,2016,0,0,-1,65,1,10
2016_01_CIN_NYJ,2016,0,0,-1,65,2,10
2016_01_CIN_NYJ,2016,0,0,-1,62,3,7
2016_01_CIN_NYJ,2016,0,0,-1,44,1,10
2016_01_CIN_NYJ,2016,0,0,-1,30,1,10
2016_01_CIN_NYJ,2016,0,0,-1,30,2,10
2016_01_CIN_NYJ,2016,0,0,-1,20,1,10
2016_01_CIN_NYJ,2016,0,0,-1,17,2,7
2016_01_CIN_NYJ,2016,0,0,-1,3,1,3
2016_01_CIN_NYJ,2016,1,-7,1,79,1,10
2016_01_CIN_NYJ,2016,1,-7,1,64,1,10
2016_01_CIN_NYJ,2016,1,-7,1,69,2,15
2016_01_CIN_NYJ,2016,1,-7,1,69,3,15
2016_01_CIN_NYJ,2016,0,7,-1,35,1,10
2016_01_CIN_NYJ,2016,0,7,-1,11,1,10
2016_01_CIN_NYJ,2016,0,7,-1,9,2,8
2016_01_CIN_NYJ,2016,0,7,-1,9,3,8
2016_01_CIN_NYJ,2016,0,7,-1,4,1,4
2016_01_CIN_NYJ,2016,0,7,-1,4,2,4
2016_01_CIN_NYJ,2016,0,7,-1,4,3,4
2016_01_CIN_NYJ,2016,0,7,-1,4,4,4
2016_01_CIN_NYJ,2016,1,-7,1,80,1,10
2016_01_CIN_NYJ,2016,1,-7,1,74,2,4
2016_01_CIN_NYJ,2016,1,-7,1,20,1,10
2016_01_CIN_NYJ,2016,1,-7,1,20,2,10
2016_01_CIN_NYJ,2016,1,-7,1,15,3,5
2016_01_CIN_NYJ,2016,1,-7,1,15,4,5
2016_01_CIN_NYJ,2016,0,4,-1,77,1,10
2016_01_CIN_NYJ,2016,0,4,-1,79,2,12
2016_01_CIN_NYJ,2016,0,4,-1,56,1,10
2016_01_CIN_NYJ,2016,0,4,-1,51,2,5
2016_01_CIN_NYJ,2016,0,4,-1,61,2,15
2016_01_CIN_NYJ,2016,0,4,-1,61,3,15
2016_01_CIN_NYJ,2016,0,4,-1,61,4,15
2016_01_CIN_NYJ,2016,1,-4,1,78,1,10
2016_01_CIN_NYJ,2016,1,-4,1,79,2,11
2016_01_CIN_NYJ,2016,1,-4,1,75,3,7
2016_01_CIN_NYJ,2016,1,-4,1,54,1,10
2016_01_CIN_NYJ,2016,0,-3,-1,39,1,10
2016_01_CIN_NYJ,2016,0,-3,-1,40,2,11
2016_01_CIN_NYJ,2016,0,-3,-1,40,3,11
2016_01_CIN_NYJ,2016,0,-3,-1,25,1,10
2016_01_CIN_NYJ,2016,0,-3,-1,25,2,10
2016_01_CIN_NYJ,2016,0,-3,-1,15,1,10
2016_01_CIN_NYJ,2016,1,-3,1,75,1,10
2016_01_CIN_NYJ,2016,1,-3,1,84,2,19
2016_01_CIN_NYJ,2016,1,-3,1,85,3,20
2016_01_CIN_NYJ,2016,1,-3,1,85,4,20
2016_01_CIN_NYJ,2016,0,3,-1,55,1,10
2016_01_CIN_NYJ,2016,0,3,-1,52,2,7
2016_01_CIN_NYJ,2016,0,3,-1,44,1,10
2016_01_CIN_NYJ,2016,0,3,-1,41,2,7
2016_01_CIN_NYJ,2016,0,3,-1,39,3,5
2016_01_CIN_NYJ,2016,0,3,-1,32,1,10
2016_01_CIN_NYJ,2016,0,3,-1,26,2,4
2016_01_CIN_NYJ,2016,0,3,-1,27,3,5
2016_01_CIN_NYJ,2016,0,3,-1,27,4,5
2016_01_CIN_NYJ,2016,1,-6,1,85,1,10
2016_01_CIN_NYJ,2016,1,-6,1,70,1,10
2016_01_CIN_NYJ,2016,1,-6,1,64,2,4
2016_01_CIN_NYJ,2016,1,-6,1,59,1,10
2016_01_CIN_NYJ,2016,1,-6,1,54,2,5
2016_01_CIN_NYJ,2016,1,-6,1,44,1,10
2016_01_CIN_NYJ,2016,1,-6,1,43,2,9
2016_01_CIN_NYJ,2016,1,-6,1,18,1,10
2016_01_CIN_NYJ,2016,1,-6,1,14,2,6
2016_01_CIN_NYJ,2016,1,-6,1,7,1,7
2016_01_CIN_NYJ,2016,1,-6,1,18,2,18
2016_01_CIN_NYJ,2016,1,-6,1,17,3,17
2016_01_CIN_NYJ,2016,1,-6,1,3,4,3
2016_01_CIN_NYJ,2016,0,3,-1,89,1,10
2016_01_CIN_NYJ,2016,0,3,-1,88,2,9
2016_01_CIN_NYJ,2016,0,3,-1,78,1,10
2016_01_CIN_NYJ,2016,0,3,-1,76,2,8
2016_01_CIN_NYJ,2016,0,3,-1,76,3,8
2016_01_CIN_NYJ,2016,0,3,-1,77,4,9
2016_01_CIN_NYJ,2016,1,-3,1,64,1,10
2016_01_CIN_NYJ,2016,1,-3,1,69,1,15
2016_01_CIN_NYJ,2016,1,-3,1,76,2,22
2016_01_CIN_NYJ,2016,1,-3,1,73,3,19
2016_01_CIN_NYJ,2016,1,-3,1,69,4,15
2016_01_CIN_NYJ,2016,0,3,-1,84,1,10
2016_01_CIN_NYJ,2016,0,3,-1,84,2,10
2016_01_CIN_NYJ,2016,0,3,-1,67,1,10
2016_01_CIN_NYJ,2016,0,3,-1,69,2,12
2016_01_CIN_NYJ,2016,0,3,-1,61,3,4
2016_01_CIN_NYJ,2016,0,3,-1,61,4,4
2016_01_CIN_NYJ,2016,1,-3,1,92,1,10
2016_01_CIN_NYJ,2016,1,-3,1,63,1,10
2016_01_CIN_NYJ,2016,1,-3,1,71,2,18
2016_01_CIN_NYJ,2016,1,-3,1,71,3,18
2016_01_CIN_NYJ,2016,1,-3,1,22,1,10
2016_01_CIN_NYJ,2016,1,-3,1,20,2,8
2016_01_CIN_NYJ,2016,1,-3,1,14,3,2
2016_01_CIN_NYJ,2016,1,-3,1,12,1,10
2016_01_CIN_NYJ,2016,1,-3,1,12,2,10
2016_01_CIN_NYJ,2016,0,-4,-1,75,1,10
2016_01_CIN_NYJ,2016,0,-4,-1,62,1,10
2016_01_CIN_NYJ,2016,0,-4,-1,54,2,2
2016_01_CIN_NYJ,2016,0,-4,-1,38,1,10
2016_01_CIN_NYJ,2016,0,-4,-1,31,2,3
2016_01_CIN_NYJ,2016,0,-4,-1,31,3,3
2016_01_CIN_NYJ,2016,0,-4,-1,15,1,10
2016_01_CIN_NYJ,2016,0,-4,-1,12,2,7
2016_01_CIN_NYJ,2016,0,-4,-1,3,1,3
2016_01_CIN_NYJ,2016,0,-4,-1,1,2,1
2016_01_CIN_NYJ,2016,0,-4,-1,2,3,2
2016_01_CIN_NYJ,2016,0,-4,-1,2,4,2
2016_01_CIN_NYJ,2016,1,1,1,75,1,10
2016_01_CIN_NYJ,2016,1,1,1,64,1,10
2016_01_CIN_NYJ,2016,1,1,1,32,1,10
2016_01_CIN_NYJ,2016,1,1,1,26,2,4
2016_01_CIN_NYJ,2016,1,1,1,34,3,12
2016_01_CIN_NYJ,2016,1,1,1,34,4,12
2016_01_CIN_NYJ,2016,0,-1,-1,58,1,10
2016_01_CIN_NYJ,2016,0,-1,-1,68,1,20
2016_01_CIN_NYJ,2016,0,-1,-1,59,2,11
2016_01_CIN_NYJ,2016,0,-1,-1,42,1,10
2016_01_CIN_NYJ,2016,0,-1,-1,38,2,6
2016_01_CIN_NYJ,2016,0,-1,-1,37,3,5
2016_01_CIN_NYJ,2016,0,-1,-1,15,1,10
2016_01_CIN_NYJ,2016,0,-1,-1,12,2,7
2016_01_CIN_NYJ,2016,0,-1,-1,8,3,3
2016_01_CIN_NYJ,2016,0,-1,-1,6,4,1
2016_01_CIN_NYJ,2016,1,-2,1,84,1,10
2016_01_CIN_NYJ,2016,1,-2,1,78,2,4
2016_01_CIN_NYJ,2016,1,-2,1,72,1,10
2016_01_CIN_NYJ,2016,1,-2,1,48,1,10
2016_01_CIN_NYJ,2016,1,-2,1,44,2,6
2016_01_CIN_NYJ,2016,1,-2,1,37,1,10
2016_01_CIN_NYJ,2016,1,-2,1,38,2,11
2016_01_CIN_NYJ,2016,1,-2,1,40,3,13
2016_01_CIN_NYJ,2016,1,-2,1,29,4,2
2016_01_CIN_NYJ,2016,0,-1,-1,75,1,10
2016_01_CIN_NYJ,2016,0,-1,-1,75,2,10
2016_01_CIN_NYJ,2016,0,-1,-1,75,3,10
2016_01_CLE_PHI,2016,1,0,-3.5,75,1,10
2016_01_CLE_PHI,2016,1,0,-3.5,69,2,4
2016_01_CLE_PHI,2016,1,0,-3.5,68,3,3
2016_01_CLE_PHI,2016,1,0,-3.5,63,1,10
2016_01_CLE_PHI,2016,1,0,-3.5,63,2,10
2016_01_CLE_PHI,2016,1,0,-3.5,49,1,10
2016_01_CLE_PHI,2016,1,0,-3.5,38,1,10
2016_01_CLE_PHI,2016,1,0,-3.5,33,2,5
2016_01_CLE_PHI,2016,1,0,-3.5,20,1,10
2016_01_CLE_PHI,2016,1,0,-3.5,19,2,9
2016_01_CLE_PHI,2016,0,-7,3.5,75,1,10
2016_01_CLE_PHI,2016,0,-7,3.5,75,2,10
2016_01_CLE_PHI,2016,0,-7,3.5,74,3,9
2016_01_CLE_PHI,2016,0,-7,3.5,70,4,5
2016_01_CLE_PHI,2016,1,7,-3.5,74,1,10
2016_01_CLE_PHI,2016,1,7,-3.5,70,2,6
2016_01_CLE_PHI,2016,1,7,-3.5,70,3,6
2016_01_CLE_PHI,2016,1,7,-3.5,65,1,10
2016_01_CLE_PHI,2016,1,7,-3.5,65,2,10
2016_01_CLE_PHI,2016,1,7,-3.5,62,3,7
2016_01_CLE_PHI,2016,1,7,-3.5,67,3,12
2016_01_CLE_PHI,2016,1,7,-3.5,67,4,12
2016_01_CLE_PHI,2016,0,-7,3.5,80,1,10
2016_01_CLE_PHI,2016,0,-7,3.5,79,2,9
2016_01_CLE_PHI,2016,0,-7,3.5,77,3,7
2016_01_CLE_PHI,2016,0,-7,3.5,77,4,7
2016_01_CLE_PHI,2016,1,7,-3.5,42,1,10
2016_01_CLE_PHI,2016,1,7,-3.5,35,2,3
2016_01_CLE_PHI,2016,1,7,-3.5,30,1,10
2016_01_CLE_PHI,2016,1,7,-3.5,26,2,6
2016_01_CLE_PHI,2016,1,7,-3.5,24,3,4
2016_01_CLE_PHI,2016,1,7,-3.5,28,4,8
2016_01_CLE_PHI,2016,0,-7,3.5,64,1,10
2016_01_CLE_PHI,2016,0,-7,3.5,58,2,4
2016_01_CLE_PHI,2016,0,-7,3.5,59,3,5
2016_01_CLE_PHI,2016,0,-7,3.5,59,4,5
2016_01_CLE_PHI,2016,1,7,-3.5,35,1,10
2016_01_CLE_PHI,2016,1,7,-3.5,7,1,7
2016_01_CLE_PHI,2016,1,7,-3.5,6,2,6
2016_01_CLE_PHI,2016,1,7,-3.5,4,3,4
2016_01_CLE_PHI,2016,1,7,-3.5,4,4,4
2016_01_CLE_PHI,2016,0,-10,3.5,75,1,10
2016_01_CLE_PHI,2016,0,-10,3.5,64,1,10
2016_01_CLE_PHI,2016,0,-10,3.5,64,2,10
2016_01_CLE_PHI,2016,0,-10,3.5,48,1,10
2016_01_CLE_PHI,2016,0,-10,3.5,53,1,15
2016_01_CLE_PHI,2016,0,-10,3.5,9,1,9
2016_01_CLE_PHI,2016,0,-10,3.5,8,2,8
2016_01_CLE_PHI,2016,0,-10,3.5,8,3,8
2016_01_CLE_PHI,2016,0,-10,3.5,2,1,2
2016_01_CLE_PHI,2016,1,3,-3.5,77,1,10
2016_01_CLE_PHI,2016,1,3,-3.5,73,2,6
2016_01_CLE_PHI,2016,1,3,-3.5,72,3,5
2016_01_CLE_PHI,2016,1,3,-3.5,72,4,5
2016_01_CLE_PHI,2016,0,-3,3.5,80,1,10
2016_01_CLE_PHI,2016,0,-3,3.5,67,1,10
2016_01_CLE_PHI,2016,0,-3,3.5,61,2,4
2016_01_CLE_PHI,2016,0,-3,3.5,65,3,8
2016_01_CLE_PHI,2016,0,-3,3.5,53,1,10
2016_01_CLE_PHI,2016,0,-3,3.5,33,1,10
2016_01_CLE_PHI,2016,0,-3,3.5,28,2,5
2016_01_CLE_PHI,2016,1,3,-3.5,79,1,10
2016_01_CLE_PHI,2016,1,3,-3.5,76,2,7
2016_01_CLE_PHI,2016,1,3,-3.5,59,1,10
2016_01_CLE_PHI,2016,1,3,-3.5,58,2,9
2016_01_CLE_PHI,2016,1,3,-3.5,53,3,4
2016_01_CLE_PHI,2016,1,3,-3.5,45,1,10
2016_01_CLE_PHI,2016,1,3,-3.5,34,1,10
2016_01_CLE_PHI,2016,1,3,-3.5,19,1,10
2016_01_CLE_PHI,2016,1,3,-3.5,19,2,10
2016_01_CLE_PHI,2016,1,3,-3.5,19,3,10
2016_01_CLE_PHI,2016,1,3,-3.5,19,4,10
2016_01_CLE_PHI,2016,0,-6,3.5,75,1,10
2016_01_CLE_PHI,2016,0,-6,3.5,58,1,10
2016_01_CLE_PHI,2016,0,-6,3.5,56,2,8
2016_01_CLE_PHI,2016,0,-6,3.5,56,3,8
2016_01_CLE_PHI,2016,0,-6,3.5,75,1,10
2016_01_CLE_PHI,2016,0,-6,3.5,17,1,10
2016_01_CLE_PHI,2016,0,-6,3.5,17,2,10
2016_01_CLE_PHI,2016,0,-6,3.5,17,3,10
2016_01_CLE_PHI,2016,0,-6,3.5,17,4,10
2016_01_CLE_PHI,2016,1,3,-3.5,75,1,10
2016_01_CLE_PHI,2016,1,3,-3.5,74,2,9
2016_01_CLE_PHI,2016,1,3,-3.5,74,3,9
2016_01_CLE_PHI,2016,1,3,-3.5,52,1,10
2016_01_CLE_PHI,2016,1,3,-3.5,48,2,6
2016_01_CLE_PHI,2016,1,3,-3.5,58,2,16
2016_01_CLE_PHI,2016,1,3,-3.5,58,3,16
2016_01_CLE_PHI,2016,1,3,-3.5,52,4,10
2016_01_CLE_PHI,2016,0,-3,3.5,85,1,10
2016_01_CLE_PHI,2016,1,5,-3.5,73,1,10
2016_01_CLE_PHI,2016,1,5,-3.5,73,2,10
2016_01_CLE_PHI,2016,1,5,-3.5,64,3,1
2016_01_CLE_PHI,2016,1,5,-3.5,58,1,10
2016_01_CLE_PHI,2016,1,5,-3.5,46,1,10
2016_01_CLE_PHI,2016,1,5,-3.5,45,2,9
2016_01_CLE_PHI,2016,1,5,-3.5,40,3,4
2016_01_CLE_PHI,2016,1,5,-3.5,40,4,4
2016_01_CLE_PHI,2016,1,5,-3.5,35,1,10
2016_01_CLE_PHI,2016,0,-12,3.5,75,1,10
2016_01_CLE_PHI,2016,0,-12,3.5,65,1,10
2016_01_CLE_PHI,2016,0,-12,3.5,73,2,18
2016_01_CLE_PHI,2016,0,-12,3.5,68,2,13
2016_01_CLE_PHI,2016,0,-12,3.5,68,3,13
2016_01_CLE_PHI,2016,0,-12,3.5,57,4,2
2016_01_CLE_PHI,2016,1,12,-3.5,79,1,10
2016_01_CLE_PHI,2016,1,12,-3.5,64,1,10
2016_01_CLE_PHI,2016,1,12,-3.5,58,2,4
2016_01_CLE_PHI,2016,1,12,-3.5,39,1,10
2016_01_CLE_PHI,2016,1,12,-3.5,33,2,4
2016_01_CLE_PHI,2016,1,12,-3.5,39,3,10
2016_01_CLE_PHI,2016,1,12,-3.5,43,4,14
2016_01_CLE_PHI,2016,0,-12,3.5,99,1,10
2016_01_CLE_PHI,2016,0,-12,3.5,96,2,7
2016_01_CLE_PHI,2016,0,-12,3.5,96,3,7
2016_01_CLE_PHI,2016,0,-12,3.5,96,4,7
2016_01_CLE_PHI,2016,1,12,-3.5,47,1,10
2016_01_CLE_PHI,2016,1,12,-3.5,57,1,20
2016_01_CLE_PHI,2016,1,12,-3.5,55,2,18
2016_01_CLE_PHI,2016,1,12,-3.5,54,3,17
2016_01_CLE_PHI,2016,1,12,-3.5,45,4,8
2016_01_CLE_PHI,2016,0,-12,3.5,80,1,10
2016_01_CLE_PHI,2016,0,-12,3.5,80,2,10
2016_01_CLE_PHI,2016,0,-12,3.5,90,3,20
2016_01_CLE_PHI,2016,0,-12,3.5,79,4,9
2016_01_CLE_PHI,2016,1,12,-3.5,71,1,10
2016_01_CLE_PHI,2016,1,12,-3.5,62,2,1
2016_01_CLE_PHI,2016,1,12,-3.5,55,1,10
2016_01_CLE_PHI,2016,1,12,-3.5,50,2,5
2016_01_CLE_PHI,2016,1,12,-3.5,50,3,5
2016_01_CLE_PHI,2016,1,12,-3.5,34,1,10
2016_01_CLE_PHI,2016,1,12,-3.5,37,2,13
2016_01_CLE_PHI,2016,1,12,-3.5,30,3,6
2016_01_CLE_PHI,2016,1,12,-3.5,35,3,11
2016_01_CLE_PHI,2016,1,12,-3.5,40,3,16
2016_01_CLE_PHI,2016,1,12,-3.5,40,4,16
2016_01_CLE_PHI,2016,0,-12,3.5,92,1,10
2016_01_CLE_PHI,2016,0,-12,3.5,96,2,14
2016_01_CLE_PHI,2016,0,-12,3.5,96,3,14
2016_01_CLE_PHI,2016,0,-12,3.5,85,4,3
2016_01_CLE_PHI,2016,1,12,-3.5,15,1,10
2016_01_CLE_PHI,2016,1,12,-3.5,9,2,4
2016_01_CLE_PHI,2016,1,12,-3.5,3,1,3
2016_01_CLE_PHI,2016,1,12,-3.5,2,2,2
2016_01_CLE_PHI,2016,1,12,-3.5,1,3,1
2016_01_CLE_PHI,2016,1,12,-3.5,1,3,1
2016_01_CLE_PHI,2016,0,-19,3.5,75,1,10
2016_01_CLE_PHI,2016,0,-19,3.5,59,1,10
2016_01_CLE_PHI,2016,0,-19,3.5,39,1,10
2016_01_DET_IND,2016,0,0,-2.5,75,1,10
2016_01_DET_IND,2016,0,0,-2.5,69,2,4
2016_01_DET_IND,2016,0,0,-2.5,66,3,1
2016_01_DET_IND,2016,0,0,-2.5,65,1,10
2016_01_DET_IND,2016,0,0,-2.5,61,2,6
2016_01_DET_IND,2016,0,0,-2.5,59,3,4
2016_01_DET_IND,2016,0,0,-2.5,46,1,10
2016_01_DET_IND,2016,0,0,-2.5,52,2,16
2016_01_DET_IND,2016,0,0,-2.5,51,3,15
2016_01_DET_IND,2016,0,0,-2.5,48,4,12
2016_01_DET_IND,2016,1,0,2.5,80,1,10
2016_01_DET_IND,2016,1,0,2.5,69,1,10
2016_01_DET_IND,2016,1,0,2.5,65,2,6
2016_01_DET_IND,2016,1,0,2.5,57,1,10
2016_01_DET_IND,2016,1,0,2.5,53,2,6
2016_01_DET_IND,2016,1,0,2.5,47,1,10
2016_01_DET_IND,2016,1,0,2.5,47,2,10
2016_01_DET_IND,2016,1,0,2.5,34,1,10
2016_01_DET_IND,2016,1,0,2.5,21,1,10
2016_01_DET_IND,2016,0,-7,-2.5,75,1,10
2016_01_DET_IND,2016,0,-7,-2.5,75,2,10
2016_01_DET_IND,2016,0,-7,-2.5,73,3,8
2016_01_DET_IND,2016,0,-7,-2.5,73,4,8
2016_01_DET_IND,2016,1,7,2.5,80,1,10
2016_01_DET_IND,2016,1,7,2.5,79,2,9
2016_01_DET_IND,2016,1,7,2.5,79,3,9
2016_01_DET_IND,2016,1,7,2.5,76,4,6
2016_01_DET_IND,2016,0,-7,-2.5,77,1,10
2016_01_DET_IND,2016,0,-7,-2.5,75,2,8
2016_01_DET_IND,2016,0,-7,-2.5,75,3,8
2016_01_DET_IND,2016,0,-7,-2.5,75,4,8
2016_01_DET_IND,2016,1,7,2.5,82,1,10
2016_01_DET_IND,2016,1,7,2.5,83,2,11
2016_01_DET_IND,2016,1,7,2.5,75,3,3
2016_01_DET_IND,2016,1,7,2.5,69,1,10
2016_01_DET_IND,2016,1,7,2.5,64,2,5
2016_01_DET_IND,2016,1,7,2.5,37,1,10
2016_01_DET_IND,2016,1,7,2.5,37,2,10
2016_01_DET_IND,2016,1,7,2.5,29,3,2
2016_01_DET_IND,2016,1,7,2.5,26,1,10
2016_01_DET_IND,2016,1,7,2.5,26,2,10
2016_01_DET_IND,2016,1,7,2.5,26,3,10
2016_01_DET_IND,2016,1,7,2.5,13,1,10
2016_01_DET_IND,2016,1,7,2.5,11,2,8
2016_01_DET_IND,2016,1,7,2.5,1,1,1
2016_01_DET_IND,2016,1,7,2.5,1,2,1
2016_01_DET_IND,2016,0,-14,-2.5,79,1,10
2016_01_DET_IND,2016,0,-14,-2.5,60,1,10
2016_01_DET_IND,2016,0,-14,-2.5,56,2,6
2016_01_DET_IND,2016,0,-14,-2.5,53,3,3
2016_01_DET_IND,2016,0,-14,-2.5,38,1,10
2016_01_DET_IND,2016,0,-14,-2.5,49,2,21
2016_01_DET_IND,2016,0,-14,-2.5,49,3,21
2016_01_DET_IND,2016,0,-14,-2.5,32,4,4
2016_01_DET_IND,2016,1,11,2.5,75,1,10
2016_01_DET_IND,2016,1,11,2.5,68,2,3
2016_01_DET_IND,2016,1,11,2.5,59,1,10
2016_01_DET_IND,2016,1,11,2.5,49,1,10
2016_01_DET_IND,2016,1,11,2.5,44,2,5
2016_01_DET_IND,2016,1,11,2.5,12,1,10
2016_01_DET_IND,2016,1,11,2.5,6,2,4
2016_01_DET_IND,2016,1,11,2.5,6,3,4
2016_01_DET_IND,2016,0,-18,-2.5,75,1,10
2016_01_DET_IND,2016,0,-18,-2.5,43,1,10
2016_01_DET_IND,2016,0,-18,-2.5,29,1,10
2016_01_DET_IND,2016,0,-18,-2.5,13,1,10
2016_01_DET_IND,2016,0,-18,-2.5,15,2,12
2016_01_DET_IND,2016,0,-18,-2.5,10,3,7
2016_01_DET_IND,2016,0,-18,-2.5,2,1,2
2016_01_DET_IND,2016,0,-18,-2.5,2,2,2
2016_01_DET_IND,2016,1,11,2.5,75,1,10
2016_01_DET_IND,2016,1,11,2.5,74,2,9
2016_01_DET_IND,2016,1,11,2.5,78,2,13
2016_01_DET_IND,2016,1,11,2.5,74,3,9
2016_01_DET_IND,2016,1,11,2.5,71,4,6
2016_01_DET_IND,2016,0,-11,-2.5,85,1,10
2016_01_DET_IND,2016,0,-11,-2.5,79,2,4
2016_01_DET_IND,2016,0,-11,-2.5,76,3,1
2016_01_DET_IND,2016,0,-11,-2.5,72,1,10
2016_01_DET_IND,2016,0,-11,-2.5,82,1,20
2016_01_DET_IND,2016,0,-11,-2.5,82,2,20
2016_01_DET_IND,2016,0,-11,-2.5,31,1,10
2016_01_DET_IND,2016,0,-11,-2.5,31,2,10
2016_01_DET_IND,2016,0,-11,-2.5,31,3,10
2016_01_DET_IND,2016,0,-11,-2.5,19,1,10
2016_01_DET_IND,2016,1,3,2.5,81,1,10
2016_01_DET_IND,2016,1,3,2.5,85,2,14
2016_01_DET_IND,2016,1,3,2.5,80,3,9
2016_01_DET_IND,2016,1,3,2.5,88,4,17
2016_01_DET_IND,2016,0,-3,-2.5,62,1,10
2016_01_DET_IND,2016,0,-3,-2.5,62,2,10
2016_01_DET_IND,2016,0,-3,-2.5,62,3,10
2016_01_DET_IND,2016,0,-3,-2.5,62,4,10
2016_01_DET_IND,2016,1,3,2.5,71,1,10
2016_01_DET_IND,2016,1,3,2.5,64,2,3
2016_01_DET_IND,2016,1,3,2.5,31,1,10
2016_01_DET_IND,2016,1,3,2.5,32,2,11
2016_01_DET_IND,2016,1,3,2.5,30,3,9
2016_01_DET_IND,2016,1,3,2.5,17,1,10
2016_01_DET_IND,2016,1,3,2.5,11,2,4
2016_01_DET_IND,2016,0,-10,-2.5,75,1,10
2016_01_DET_IND,2016,0,-10,-2.5,71,2,6
2016_01_DET_IND,2016,0,-10,-2.5,66,3,1
2016_01_DET_IND,2016,0,-10,-2.5,50,1,10
2016_01_DET_IND,2016,0,-10,-2.5,42,2,2
2016_01_DET_IND,2016,0,-10,-2.5,41,3,1
2016_01_DET_IND,2016,0,-10,-2.5,26,1,10
2016_01_DET_IND,2016,0,-10,-2.5,26,2,10
2016_01_DET_IND,2016,0,-10,-2.5,22,3,6
2016_01_DET_IND,2016,0,-10,-2.5,22,4,6
2016_01_DET_IND,2016,1,7,2.5,75,1,10
2016_01_DET_IND,2016,1,7,2.5,74,2,9
2016_01_DET_IND,2016,1,7,2.5,69,3,4
2016_01_DET_IND,2016,1,7,2.5,69,4,4
2016_01_DET_IND,2016,0,-7,-2.5,94,1,10
2016_01_DET_IND,2016,0,-7,-2.5,94,2,10
2016_01_DET_IND,2016,0,-7,-2.5,86,3,2
2016_01_DET_IND,2016,0,-7,-2.5,74,1,10
2016_01_DET_IND,2016,0,-7,-2.5,74,2,10
2016_01_DET_IND,2016,0,-7,-2.5,61,1,10
2016_01_DET_IND,2016,0,-7,-2.5,29,1,10
2016_01_DET_IND,2016,0,-7,-2.5,25,2,6
2016_01_DET_IND,2016,0,-7,-2.5,16,1,10
2016_01_DET_IND,2016,1,0,2.5,75,1,10
2016_01_DET_IND,2016,1,0,2.5,73,2,8
2016_01_DET_IND,2016,1,0,2.5,63,1,10
2016_01_DET_IND,2016,1,0,2.5,49,1,10
2016_01_DET_IND,2016,1,0,2.5,37,1,10
2016_01_DET_IND,2016,1,0,2.5,30,2,3
2016_01_DET_IND,2016,1,0,2.5,40,2,13
2016_01_DET_IND,2016,1,0,2.5,26,1,10
2016_01_DET_IND,2016,1,0,2.5,13,1,10
2016_01_DET_IND,2016,0,-6,-2.5,75,1,10
2016_01_DET_IND,2016,0,-6,-2.5,66,2,1
2016_01_DET_IND,2016,0,-6,-2.5,59,1,10
2016_01_DET_IND,2016,0,-6,-2.5,26,1,10
2016_01_DET_IND,2016,0,-6,-2.5,21,2,5
2016_01_DET_IND,2016,0,-6,-2.5,12,1,10
2016_01_DET_IND,2016,0,-6,-2.5,12,2,10
2016_01_DET_IND,2016,0,-6,-2.5,6,3,4
2016_01_DET_IND,2016,1,-1,2.5,75,1,10
2016_01_DET_IND,2016,1,-1,2.5,56,1,10
2016_01_DET_IND,2016,1,-1,2.5,47,2,1
2016_01_DET_IND,2016,1,-1,2.5,25,1,10
2016_01_DET_IND,2016,1,-1,2.5,25,2,10
2016_01_GB_JAX,2016,0,0,3.5,82,1,10
2016_01_GB_JAX,2016,0,0,3.5,76,2,4
2016_01_GB_JAX,2016,0,0,3.5,71,1,10
2016_01_GB_JAX,2016,0,0,3.5,71,2,10
2016_01_GB_JAX,2016,0,0,3.5,69,3,8
2016_01_GB_JAX,2016,1,0,-3.5,29,1,10
2016_01_GB_JAX,2016,1,0,-3.5,31,2,12
2016_01_GB_JAX,2016,1,0,-3.5,26,3,7
2016_01_GB_JAX,2016,1,0,-3.5,20,4,1
2016_01_GB_JAX,2016,1,0,-3.5,11,1,10
2016_01_GB_JAX,2016,1,0,-3.5,6,1,5
2016_01_GB_JAX,2016,1,0,-3.5,6,2,5
2016_01_GB_JAX,2016,0,-7,3.5,75,1,10
2016_01_GB_JAX,2016,0,-7,3.5,77,2,12
2016_01_GB_JAX,2016,0,-7,3.5,77,3,12
2016_01_GB_JAX,2016,0,-7,3.5,73,1,10
2016_01_GB_JAX,2016,0,-7,3.5,68,1,5
2016_01_GB_JAX,2016,0,-7,3.5,59,1,10
2016_01_GB_JAX,2016,0,-7,3.5,61,2,12
2016_01_GB_JAX,2016,0,-7,3.5,51,3,2
2016_01_GB_JAX,2016,0,-7,3.5,61,4,12
2016_01_GB_JAX,2016,1,7,-3.5,97,1,10
2016_01_GB_JAX,2016,1,7,-3.5,94,2,7
2016_01_GB_JAX,2016,1,7,-3.5,94,3,7
2016_01_GB_JAX,2016,1,7,-3.5,94,4,7
2016_01_GB_JAX,2016,0,-7,3.5,48,1,10
2016_01_GB_JAX,2016,0,-7,3.5,11,1,10
2016_01_GB_JAX,2016,0,-7,3.5,5,2,4
2016_01_GB_JAX,2016,1,0,-3.5,75,1,10
2016_01_GB_JAX,2016,1,0,-3.5,73,2,8
2016_01_GB_JAX,2016,1,0,-3.5,69,3,4
2016_01_GB_JAX,2016,1,0,-3.5,69,4,4
2016_01_GB_JAX,2016,0,0,3.5,79,1,10
2016_01_GB_JAX,2016,0,0,3.5,72,2,3
2016_01_GB_JAX,2016,0,0,3.5,79,3,10
2016_01_GB_JAX,2016,0,0,3.5,70,4,1
2016_01_GB_JAX,2016,1,0,-3.5,97,1,10
2016_01_GB_JAX,2016,1,0,-3.5,97,2,10
2016_01_GB_JAX,2016,1,0,-3.5,98,3,11
2016_01_GB_JAX,2016,1,0,-3.5,93,3,6
2016_01_GB_JAX,2016,1,0,-3.5,93,4,6
2016_01_GB_JAX,2016,0,0,3.5,53,1,10
2016_01_GB_JAX,2016,0,0,3.5,58,1,15
2016_01_GB_JAX,2016,0,0,3.5,60,2,17
2016_01_GB_JAX,2016,0,0,3.5,60,3,17
2016_01_GB_JAX,2016,0,0,3.5,48,4,5
2016_01_GB_JAX,2016,0,0,3.5,40,1,10
2016_01_GB_JAX,2016,0,0,3.5,26,1,10
2016_01_GB_JAX,2016,0,0,3.5,25,2,9
2016_01_GB_JAX,2016,0,0,3.5,17,3,1
2016_01_GB_JAX,2016,0,0,3.5,14,1,10
2016_01_GB_JAX,2016,0,0,3.5,15,2,11
2016_01_GB_JAX,2016,0,0,3.5,15,3,11
2016_01_GB_JAX,2016,0,0,3.5,8,4,4
2016_01_GB_JAX,2016,1,-3,-3.5,75,1,10
2016_01_GB_JAX,2016,1,-3,-3.5,70,2,5
2016_01_GB_JAX,2016,1,-3,-3.5,64,1,10
2016_01_GB_JAX,2016,1,-3,-3.5,58,2,4
2016_01_GB_JAX,2016,1,-3,-3.5,42,1,10
2016_01_GB_JAX,2016,1,-3,-3.5,37,2,5
2016_01_GB_JAX,2016,1,-3,-3.5,29,1,10
2016_01_GB_JAX,2016,1,-3,-3.5,12,1,10
2016_01_GB_JAX,2016,1,-3,-3.5,6,2,4
2016_01_GB_JAX,2016,0,-4,3.5,75,1,10
2016_01_GB_JAX,2016,0,-4,3.5,73,2,8
2016_01_GB_JAX,2016,0,-4,3.5,62,1,10
2016_01_GB_JAX,2016,0,-4,3.5,52,1,10
2016_01_GB_JAX,2016,0,-4,3.5,22,1,10
2016_01_GB_JAX,2016,0,-4,3.5,22,2,10
2016_01_GB_JAX,2016,0,-4,3.5,22,3,10
2016_01_GB_JAX,2016,1,-3,-3.5,75,1,10
2016_01_GB_JAX,2016,1,-3,-3.5,45,1,10
2016_01_GB_JAX,2016,1,-3,-3.5,39,2,4
2016_01_GB_JAX,2016,1,-3,-3.5,29,1,10
2016_01_GB_JAX,2016,1,-3,-3.5,29,2,10
2016_01_GB_JAX,2016,1,-3,-3.5,29,3,10
2016_01_GB_JAX,2016,1,4,-3.5,75,1,10
2016_01_GB_JAX,2016,1,4,-3.5,80,1,15
2016_01_GB_JAX,2016,1,4,-3.5,74,2,9
2016_01_GB_JAX,2016,1,4,-3.5,71,3,6
2016_01_GB_JAX,2016,1,4,-3.5,63,1,10
2016_01_GB_JAX,2016,1,4,-3.5,63,2,10
2016_01_GB_JAX,2016,1,4,-3.5,63,3,10
2016_01_GB_JAX,2016,1,4,-3.5,31,1,10
2016_01_GB_JAX,2016,1,4,-3.5,30,2,9
2016_01_GB_JAX,2016,1,4,-3.5,30,3,9
2016_01_GB_JAX,2016,1,4,-3.5,8,1,8
2016_01_GB_JAX,2016,1,4,-3.5,7,2,7
2016_01_GB_JAX,2016,1,4,-3.5,7,3,7
2016_01_GB_JAX,2016,1,4,-3.5,7,4,7
2016_01_GB_JAX,2016,0,-7,3.5,75,1,10
2016_01_GB_JAX,2016,0,-7,3.5,72,2,7
2016_01_GB_JAX,2016,0,-7,3.5,72,3,7
2016_01_GB_JAX,2016,0,-7,3.5,34,1,10
2016_01_GB_JAX,2016,0,-7,3.5,31,2,7
2016_01_GB_JAX,2016,0,-7,3.5,26,3,2
2016_01_GB_JAX,2016,0,-7,3.5,24,1,10
2016_01_GB_JAX,2016,0,-7,3.5,21,2,7
2016_01_GB_JAX,2016,0,-7,3.5,21,3,7
2016_01_GB_JAX,2016,0,-7,3.5,21,4,7
2016_01_GB_JAX,2016,1,4,-3.5,75,1,10
2016_01_GB_JAX,2016,1,4,-3.5,75,2,10
2016_01_GB_JAX,2016,1,4,-3.5,68,3,3
2016_01_GB_JAX,2016,1,4,-3.5,68,3,3
2016_01_GB_JAX,2016,1,4,-3.5,64,1,10
2016_01_GB_JAX,2016,1,4,-3.5,63,2,9
2016_01_GB_JAX,2016,1,4,-3.5,55,3,1
2016_01_GB_JAX,2016,1,4,-3.5,52,1,10
2016_01_GB_JAX,2016,1,4,-3.5,52,2,10
2016_01_GB_JAX,2016,1,4,-3.5,48,1,10
2016_01_GB_JAX,2016,1,4,-3.5,45,2,7
2016_01_GB_JAX,2016,1,4,-3.5,17,1,10
2016_01_GB_JAX,2016,1,4,-3.5,15,2,8
2016_01_GB_JAX,2016,1,4,-3.5,15,3,8
2016_01_GB_JAX,2016,1,4,-3.5,10,3,3
2016_01_GB_JAX,2016,1,4,-3.5,6,1,6
2016_01_GB_JAX,2016,1,4,-3.5,3,2,3
2016_01_GB_JAX,2016,1,4,-3.5,2,3,2
2016_01_GB_JAX,2016,1,4,-3.5,2,4,2
2016_01_GB_JAX,2016,0,-7,3.5,69,1,10
2016_01_GB_JAX,2016,0,-7,3.5,77,2,18
2016_01_GB_JAX,2016,0,-7,3.5,55,1,10
2016_01_GB_JAX,2016,0,-7,3.5,49,2,4
2016_01_GB_JAX,2016,0,-7,3.5,47,3,2
2016_01_GB_JAX,2016,0,-7,3.5,49,4,4
2016_01_GB_JAX,2016,0,-7,3.5,45,1,10
2016_01_GB_JAX,2016,0,-7,3.5,45,2,10
2016_01_GB_JAX,2016,0,-7,3.5,45,3,10
2016_01_GB_JAX,2016,0,-7,3.5,38,4,3
2016_01_GB_JAX,2016,0,-7,3.5,29,1,10
2016_01_GB_JAX,2016,0,-7,3.5,25,2,6
2016_01_GB_JAX,2016,0,-7,3.5,25,3,6
2016_01_GB_JAX,2016,0,-7,3.5,30,3,11
2016_01_GB_JAX,2016,0,-7,3.5,32,4,13
2016_01_GB_JAX,2016,1,4,-3.5,82,1,10
2016_01_GB_JAX,2016,1,4,-3.5,74,2,2
2016_01_GB_JAX,2016,1,4,-3.5,76,3,4
2016_01_GB_JAX,2016,1,4,-3.5,81,3,9
2016_01_GB_JAX,2016,1,4,-3.5,81,4,9
2016_01_GB_JAX,2016,0,-4,3.5,63,1,10
2016_01_GB_JAX,2016,0,-4,3.5,52,1,10
2016_01_GB_JAX,2016,0,-4,3.5,52,2,10
2016_01_GB_JAX,2016,0,-4,3.5,52,3,10
2016_01_GB_JAX,2016,0,-4,3.5,46,4,4
2016_01_GB_JAX,2016,0,-4,3.5,56,4,14
2016_01_GB_JAX,2016,0,-4,3.5,51,1,10
2016_01_GB_JAX,2016,0,-4,3.5,45,2,4
2016_01_GB_JAX,2016,0,-4,3.5,23,1,10
2016_01_GB_JAX,2016,0,-4,3.5,23,2,10
2016_01_GB_JAX,2016,0,-4,3.5,14,3,1
2016_01_GB_JAX,2016,0,-4,3.5,14,4,1
2016_01_LA_SF,2016,0,0,-2.5,75,1,10
2016_01_LA_SF,2016,0,0,-2.5,71,2,6
2016_01_LA_SF,2016,0,0,-2.5,69,3,4
2016_01_LA_SF,2016,0,0,-2.5,61,1,10
2016_01_LA_SF,2016,0,0,-2.5,52,2,1
2016_01_LA_SF,2016,0,0,-2.5,46,1,10
2016_01_LA_SF,2016,0,0,-2.5,46,2,10
2016_01_LA_SF,2016,0,0,-2.5,46,3,10
2016_01_LA_SF,2016,0,0,-2.5,46,4,10
2016_01_LA_SF,2016,1,0,2.5,82,1,10
2016_01_LA_SF,2016,1,0,2.5,81,2,9
2016_01_LA_SF,2016,1,0,2.5,81,3,9
2016_01_LA_SF,2016,1,0,2.5,70,1,10
2016_01_LA_SF,2016,1,0,2.5,67,2,7
2016_01_LA_SF,2016,1,0,2.5,62,3,2
2016_01_LA_SF,2016,1,0,2.5,61,4,1
2016_01_LA_SF,2016,0,0,-2.5,91,1,10
2016_01_LA_SF,2016,0,0,-2.5,90,2,9
2016_01_LA_SF,2016,0,0,-2.5,89,3,8
2016_01_LA_SF,2016,0,0,-2.5,95,4,14
2016_01_LA_SF,2016,1,0,2.5,52,1,10
2016_01_LA_SF,2016,1,0,2.5,46,2,4
2016_01_LA_SF,2016,1,0,2.5,46,3,4
2016_01_LA_SF,2016,1,0,2.5,41,1,10
2016_01_LA_SF,2016,1,0,2.5,37,2,6
2016_01_LA_SF,2016,1,0,2.5,21,1,10
2016_01_LA_SF,2016,1,0,2.5,17,2,6
2016_01_LA_SF,2016,1,0,2.5,17,3,6
2016_01_LA_SF,2016,1,0,2.5,10,1,10
2016_01_LA_SF,2016,1,0,2.5,11,2,11
2016_01_LA_SF,2016,0,-7,-2.5,79,1,10
2016_01_LA_SF,2016,0,-7,-2.5,76,2,7
2016_01_LA_SF,2016,0,-7,-2.5,73,3,4
2016_01_LA_SF,2016,0,-7,-2.5,73,4,4
2016_01_LA_SF,2016,1,7,2.5,77,1,10
2016_01_LA_SF,2016,1,7,2.5,62,1,10
2016_01_LA_SF,2016,1,7,2.5,61,2,9
2016_01_LA_SF,2016,1,7,2.5,43,1,10
2016_01_LA_SF,2016,1,7,2.5,37,2,4
2016_01_LA_SF,2016,1,7,2.5,36,3,3
2016_01_LA_SF,2016,1,7,2.5,34,4,1
2016_01_LA_SF,2016,0,-7,-2.5,64,1,10
2016_01_LA_SF,2016,0,-7,-2.5,42,1,10
2016_01_LA_SF,2016,0,-7,-2.5,40,2,8
2016_01_LA_SF,2016,0,-7,-2.5,35,3,3
2016_01_LA_SF,2016,0,-7,-2.5,33,4,1
2016_01_LA_SF,2016,0,-7,-2.5,45,1,10
2016_01_LA_SF,2016,1,7,2.5,59,1,10
2016_01_LA_SF,2016,1,7,2.5,43,1,10
2016_01_LA_SF,2016,1,7,2.5,43,2,10
2016_01_LA_SF,2016,1,7,2.5,43,3,10
2016_01_LA_SF,2016,1,7,2.5,39,4,6
2016_01_LA_SF,2016,1,7,2.5,21,1,10
2016_01_LA_SF,2016,1,7,2.5,21,2,10
2016_01_LA_SF,2016,1,7,2.5,15,3,4
2016_01_LA_SF,2016,1,7,2.5,3,1,3
2016_01_LA_SF,2016,0,-14,-2.5,75,1,10
2016_01_LA_SF,2016,0,-14,-2.5,73,2,8
2016_01_LA_SF,2016,0,-14,-2.5,51,1,10
2016_01_LA_SF,2016,0,-14,-2.5,46,2,5
2016_01_LA_SF,2016,0,-14,-2.5,46,3,5
2016_01_LA_SF,2016,0,-14,-2.5,46,4,5
2016_01_LA_SF,2016,1,14,2.5,90,1,10
2016_01_LA_SF,2016,1,14,2.5,79,1,10
2016_01_LA_SF,2016,1,14,2.5,64,1,10
2016_01_LA_SF,2016,1,14,2.5,63,2,9
2016_01_LA_SF,2016,1,14,2.5,60,3,6
2016_01_LA_SF,2016,1,14,2.5,50,1,10
2016_01_LA_SF,2016,0,-14,-2.5,61,1,10
2016_01_LA_SF,2016,0,-14,-2.5,59,2,8
2016_01_LA_SF,2016,0,-14,-2.5,59,3,8
2016_01_LA_SF,2016,0,-14,-2.5,59,4,8
2016_01_LA_SF,2016,1,14,2.5,80,1,10
2016_01_LA_SF,2016,1,14,2.5,81,2,11
2016_01_LA_SF,2016,1,14,2.5,77,3,7
2016_01_LA_SF,2016,1,14,2.5,77,4,7
2016_01_LA_SF,2016,0,-14,-2.5,61,1,10
2016_01_LA_SF,2016,0,-14,-2.5,66,2,15
2016_01_LA_SF,2016,0,-14,-2.5,66,3,15
2016_01_LA_SF,2016,0,-14,-2.5,70,4,19
2016_01_LA_SF,2016,1,14,2.5,75,1,10
2016_01_LA_SF,2016,1,14,2.5,75,2,10
2016_01_LA_SF,2016,1,14,2.5,69,3,4
2016_01_LA_SF,2016,1,14,2.5,85,4,20
2016_01_LA_SF,2016,0,-14,-2.5,59,1,10
2016_01_LA_SF,2016,0,-14,-2.5,55,2,6
2016_01_LA_SF,2016,0,-14,-2.5,58,3,9
2016_01_LA_SF,2016,0,-14,-2.5,55,4,6
2016_01_LA_SF,2016,1,14,2.5,82,1,10
2016_01_LA_SF,2016,1,14,2.5,82,2,10
2016_01_LA_SF,2016,1,14,2.5,79,3,7
2016_01_LA_SF,2016,1,14,2.5,79,4,7
2016_01_LA_SF,2016,0,-14,-2.5,83,1,10
2016_01_LA_SF,2016,0,-14,-2.5,83,2,10
2016_01_LA_SF,2016,0,-14,-2.5,78,3,5
2016_01_LA_SF,2016,0,-14,-2.5,78,4,5
2016_01_LA_SF,2016,1,14,2.5,65,1,10
2016_01_LA_SF,2016,1,14,2.5,65,2,10
2016_01_LA_SF,2016,1,14,2.5,65,3,10
2016_01_LA_SF,2016,1,14,2.5,67,4,12
2016_01_LA_SF,2016,0,-14,-2.5,72,1,10
2016_01_LA_SF,2016,0,-14,-2.5,62,1,10
2016_01_LA_SF,2016,0,-14,-2.5,62,2,10
2016_01_LA_SF,2016,0,-14,-2.5,60,3,8
2016_01_LA_SF,2016,0,-14,-2.5,70,3,18
2016_01_LA_SF,2016,0,-14,-2.5,63,4,11
2016_01_LA_SF,2016,1,14,2.5,84,1,10
2016_01_LA_SF,2016,1,14,2.5,86,2,12
2016_01_LA_SF,2016,1,14,2.5,82,3,8
2016_01_LA_SF,2016,1,14,2.5,82,4,8
2016_01_LA_SF,2016,0,-14,-2.5,38,1,10
2016_01_LA_SF,2016,0,-14,-2.5,33,2,5
2016_01_LA_SF,2016,0,-14,-2.5,32,3,4
2016_01_LA_SF,2016,0,-14,-2.5,27,1,10
2016_01_LA_SF,2016,0,-14,-2.5,26,2,9
2016_01_LA_SF,2016,1,14,2.5,77,1,10
2016_01_LA_SF,2016,1,14,2.5,77,2,10
2016_01_LA_SF,2016,1,14,2.5,75,3,8
2016_01_LA_SF,2016,1,14,2.5,62,1,10
2016_01_LA_SF,2016,1,14,2.5,45,1,10
2016_01_LA_SF,2016,1,14,2.5,45,2,10
2016_01_LA_SF,2016,1,14,2.5,50,2,15
2016_01_LA_SF,2016,1,14,2.5,38,1,10
2016_01_LA_SF,2016,1,14,2.5,37,2,9
2016_01_LA_SF,2016,1,14,2.5,42,2,14
2016_01_LA_SF,2016,1,14,2.5,7,1,7
2016_01_LA_SF,2016,1,14,2.5,8,2,8
2016_01_LA_SF,2016,1,14,2.5,8,3,8
2016_01_LA_SF,2016,0,-21,-2.5,75,1,10
2016_01_LA_SF,2016,0,-21,-2.5,75,2,10
2016_01_LA_SF,2016,0,-21,-2.5,69,3,4
2016_01_LA_SF,2016,0,-21,-2.5,69,4,4
2016_01_LA_SF,2016,1,21,2.5,80,1,10
2016_01_LA_SF,2016,1,21,2.5,74,2,4
2016_01_LA_SF,2016,1,21,2.5,66,1,10
2016_01_LA_SF,2016,1,21,2.5,66,2,10
2016_01_LA_SF,2016,1,21,2.5,59,3,3
2016_01_LA_SF,2016,1,21,2.5,55,1,10
2016_01_LA_SF,2016,1,21,2.5,40,1,10
2016_01_LA_SF,2016,1,21,2.5,40,2,10
2016_01_LA_SF,2016,1,21,2.5,11,1,10
2016_01_LA_SF,2016,1,21,2.5,6,2,5
2016_01_LA_SF,2016,1,21,2.5,1,1,1
2016_01_LA_SF,2016,1,21,2.5,1,2,1
2016_01_LA_SF,2016,0,-28,-2.5,72,1,10
2016_01_LA_SF,2016,0,-28,-2.5,64,2,2
2016_01_LA_SF,2016,0,-28,-2.5,59,1,10
2016_01_LA_SF,2016,0,-28,-2.5,54,2,5
2016_01_LA_SF,2016,0,-28,-2.5,54,3,5
2016_01_LA_SF,2016,0,-28,-2.5,39,1,10
2016_01_LA_SF,2016,0,-28,-2.5,24,1,10
2016_01_LA_SF,2016,0,-28,-2.5,24,2,10
2016_01_LA_SF,2016,0,-28,-2.5,24,3,10
2016_01_LA_SF,2016,0,-28,-2.5,24,4,10
2016_01_LA_SF,2016,1,28,2.5,81,1,10
2016_01_LA_SF,2016,1,28,2.5,80,2,9
2016_01_LA_SF,2016,1,28,2.5,78,3,7
2016_01_LA_SF,2016,1,28,2.5,80,4,9
2016_01_MIA_SEA,2016,1,0,-10.5,75,1,10
2016_01_MIA_SEA,2016,1,0,-10.5,68,2,3
2016_01_MIA_SEA,2016,1,0,-10.5,62,1,10
2016_01_MIA_SEA,2016,1,0,-10.5,56,2,4
2016_01_MIA_SEA,2016,1,0,-10.5,56,3,4
2016_01_MIA_SEA,2016,1,0,-10.5,56,4,4
2016_01_MIA_SEA,2016,0,0,10.5,81,1,10
2016_01_MIA_SEA,2016,0,0,10.5,84,2,13
2016_01_MIA_SEA,2016,0,0,10.5,76,3,5
2016_01_MIA_SEA,2016,0,0,10.5,76,4,5
2016_01_MIA_SEA,2016,1,0,-10.5,67,1,10
2016_01_MIA_SEA,2016,1,0,-10.5,72,1,15
2016_01_MIA_SEA,2016,1,0,-10.5,69,2,12
2016_01_MIA_SEA,2016,1,0,-10.5,69,3,12
2016_01_MIA_SEA,2016,1,0,-10.5,56,1,10
2016_01_MIA_SEA,2016,1,0,-10.5,55,2,9
2016_01_MIA_SEA,2016,1,0,-10.5,50,3,4
2016_01_MIA_SEA,2016,1,0,-10.5,43,1,10
2016_01_MIA_SEA,2016,1,0,-10.5,29,1,10
2016_01_MIA_SEA,2016,1,0,-10.5,17,1,10
2016_01_MIA_SEA,2016,1,0,-10.5,16,2,9
2016_01_MIA_SEA,2016,1,0,-10.5,16,3,9
2016_01_MIA_SEA,2016,1,0,-10.5,21,4,14
2016_01_MIA_SEA,2016,0,-3,10.5,80,1,10
2016_01_MIA_SEA,2016,0,-3,10.5,78,2,8
2016_01_MIA_SEA,2016,0,-3,10.5,76,3,6
2016_01_MIA_SEA,2016,0,-3,10.5,26,1,10
2016_01_MIA_SEA,2016,0,-3,10.5,23,2,7
2016_01_MIA_SEA,2016,0,-3,10.5,22,3,6
2016_01_MIA_SEA,2016,0,-3,10.5,17,4,1
2016_01_MIA_SEA,2016,1,3,-10.5,83,1,10
2016_01_MIA_SEA,2016,1,3,-10.5,85,2,12
2016_01_MIA_SEA,2016,1,3,-10.5,76,3,3
2016_01_MIA_SEA,2016,1,3,-10.5,74,4,1
2016_01_MIA_SEA,2016,0,-3,10.5,71,1,10
2016_01_MIA_SEA,2016,0,-3,10.5,71,2,10
2016_01_MIA_SEA,2016,0,-3,10.5,79,3,18
2016_01_MIA_SEA,2016,0,-3,10.5,69,4,8
2016_01_MIA_SEA,2016,1,3,-10.5,82,1,10
2016_01_MIA_SEA,2016,1,3,-10.5,76,2,4
2016_01_MIA_SEA,2016,1,3,-10.5,77,3,5
2016_01_MIA_SEA,2016,0,-3,10.5,42,1,10
2016_01_MIA_SEA,2016,0,-3,10.5,36,2,4
2016_01_MIA_SEA,2016,0,-3,10.5,27,1,10
2016_01_MIA_SEA,2016,0,-3,10.5,27,2,10
2016_01_MIA_SEA,2016,0,-3,10.5,23,3,6
2016_01_MIA_SEA,2016,0,-3,10.5,23,4,6
2016_01_MIA_SEA,2016,1,0,-10.5,75,1,10
2016_01_MIA_SEA,2016,1,0,-10.5,75,2,10
2016_01_MIA_SEA,2016,1,0,-10.5,71,3,6
2016_01_MIA_SEA,2016,1,0,-10.5,61,1,10
2016_01_MIA_SEA,2016,1,0,-10.5,58,2,7
2016_01_MIA_SEA,2016,1,0,-10.5,68,2,17
2016_01_MIA_SEA,2016,1,0,-10.5,59,3,8
2016_01_MIA_SEA,2016,1,0,-10.5,59,4,8
2016_01_MIA_SEA,2016,0,0,10.5,73,1,10
2016_01_MIA_SEA,2016,0,0,10.5,62,1,10
2016_01_MIA_SEA,2016,0,0,10.5,57,2,5
2016_01_MIA_SEA,2016,0,0,10.5,57,3,5
2016_01_MIA_SEA,2016,0,0,10.5,57,4,5
2016_01_MIA_SEA,2016,1,0,-10.5,80,1,10
2016_01_MIA_SEA,2016,1,0,-10.5,82,1,12
2016_01_MIA_SEA,2016,1,0,-10.5,82,2,12
2016_01_MIA_SEA,2016,1,0,-10.5,82,3,12
2016_01_MIA_SEA,2016,1,0,-10.5,82,4,12
2016_01_MIA_SEA,2016,0,0,10.5,62,1,10
2016_01_MIA_SEA,2016,0,0,10.5,62,2,10
2016_01_MIA_SEA,2016,0,0,10.5,62,3,10
2016_01_MIA_SEA,2016,0,0,10.5,67,3,15
2016_01_MIA_SEA,2016,0,0,10.5,61,4,9
2016_01_MIA_SEA,2016,1,0,-10.5,92,1,10
2016_01_MIA_SEA,2016,1,0,-10.5,88,2,6
2016_01_MIA_SEA,2016,1,0,-10.5,94,2,12
2016_01_MIA_SEA,2016,1,0,-10.5,83,3,1
2016_01_MIA_SEA,2016,1,0,-10.5,77,1,10
2016_01_MIA_SEA,2016,1,0,-10.5,77,2,10
2016_01_MIA_SEA,2016,1,0,-10.5,62,1,10
2016_01_MIA_SEA,2016,1,0,-10.5,44,1,10
2016_01_MIA_SEA,2016,1,0,-10.5,39,2,5
2016_01_MIA_SEA,2016,1,0,-10.5,20,1,10
2016_01_MIA_SEA,2016,1,0,-10.5,20,2,10
2016_01_MIA_SEA,2016,0,-3,10.5,59,1,10
2016_01_MIA_SEA,2016,0,-3,10.5,56,2,7
2016_01_MIA_SEA,2016,0,-3,10.5,65,3,16
2016_01_MIA_SEA,2016,0,-3,10.5,59,4,10
2016_01_MIA_SEA,2016,1,3,-10.5,81,1,10
2016_01_MIA_SEA,2016,1,3,-10.5,74,2,3
2016_01_MIA_SEA,2016,1,3,-10.5,72,3,1
2016_01_MIA_SEA,2016,1,3,-10.5,70,1,10
2016_01_MIA_SEA,2016,1,3,-10.5,83,2,23
2016_01_MIA_SEA,2016,1,3,-10.5,82,3,22
2016_01_MIA_SEA,2016,1,3,-10.5,82,4,22
2016_01_MIA_SEA,2016,0,-3,10.5,74,1,10
2016_01_MIA_SEA,2016,0,-3,10.5,73,2,9
2016_01_MIA_SEA,2016,0,-3,10.5,72,3,8
2016_01_MIA_SEA,2016,0,-3,10.5,72,4,8
2016_01_MIA_SEA,2016,1,3,-10.5,51,1,10
2016_01_MIA_SEA,2016,1,3,-10.5,40,1,10
2016_01_MIA_SEA,2016,1,3,-10.5,35,2,5
2016_01_MIA_SEA,2016,1,3,-10.5,31,3,1
2016_01_MIA_SEA,2016,1,3,-10.5,31,4,1
2016_01_MIA_SEA,2016,0,-3,10.5,69,1,10
2016_01_MIA_SEA,2016,0,-3,10.5,52,1,10
2016_01_MIA_SEA,2016,0,-3,10.5,52,2,10
2016_01_MIA_SEA,2016,0,-3,10.5,49,3,7
2016_01_MIA_SEA,2016,0,-3,10.5,49,4,7
2016_01_MIA_SEA,2016,1,3,-10.5,89,1,10
2016_01_MIA_SEA,2016,1,3,-10.5,87,2,8
2016_01_MIA_SEA,2016,1,3,-10.5,76,1,10
2016_01_MIA_SEA,2016,1,3,-10.5,75,2,9
2016_01_MIA_SEA,2016,1,3,-10.5,72,3,6
2016_01_MIA_SEA,2016,1,3,-10.5,57,1,10
2016_01_MIA_SEA,2016,1,3,-10.5,51,2,4
2016_01_MIA_SEA,2016,1,3,-10.5,56,2,9
2016_01_MIA_SEA,2016,0,-3,10.5,36,1,10
2016_01_MIA_SEA,2016,0,-3,10.5,36,2,10
2016_01_MIA_SEA,2016,0,-3,10.5,36,3,10
2016_01_MIA_SEA,2016,0,-3,10.5,22,1,10
2016_01_MIA_SEA,2016,0,-3,10.5,17,2,5
2016_01_MIA_SEA,2016,0,-3,10.5,17,3,5
2016_01_MIA_SEA,2016,0,-3,10.5,5,1,5
2016_01_MIA_SEA,2016,0,-3,10.5,5,2,5
2016_01_MIA_SEA,2016,0,-3,10.5,7,3,7
2016_01_MIA_SEA,2016,0,-3,10.5,9,4,9
2016_01_MIA_SEA,2016,1,3,-10.5,80,1,10
2016_01_MIA_SEA,2016,1,3,-10.5,74,2,4
2016_01_MIA_SEA,2016,1,3,-10.5,69,1,10
2016_01_MIA_SEA,2016,1,3,-10.5,45,1,10
2016_01_MIA_SEA,2016,1,3,-10.5,37,2,2
2016_01_MIA_SEA,2016,1,3,-10.5,41,3,6
2016_01_MIA_SEA,2016,1,3,-10.5,41,4,6
2016_01_MIA_SEA,2016,0,-3,10.5,86,1,10
2016_01_MIA_SEA,2016,0,-3,10.5,70,1,10
2016_01_MIA_SEA,2016,0,-3,10.5,68,2,8
2016_01_MIA_SEA,2016,0,-3,10.5,59,1,10
2016_01_MIA_SEA,2016,0,-3,10.5,31,1,10
2016_01_MIA_SEA,2016,0,-3,10.5,2,1,2
2016_01_MIA_SEA,2016,0,-3,10.5,2,2,2
2016_01_MIA_SEA,2016,1,-4,-10.5,75,1,10
2016_01_MIA_SEA,2016,1,-4,-10.5,75,2,10
2016_01_MIA_SEA,2016,1,-4,-10.5,67,3,2
2016_01_MIA_SEA,2016,1,-4,-10.5,66,4,1
2016_01_MIA_SEA,2016,1,-4,-10.5,59,1,10
2016_01_MIA_SEA,2016,1,-4,-10.5,53,2,4
2016_01_MIA_SEA,2016,1,-4,-10.5,53,3,4
2016_01_MIA_SEA,2016,1,-4,-10.5,53,4,4
2016_01_MIA_SEA,2016,1,-4,-10.5,31,1,10
2016_01_MIA_SEA,2016,1,-4,-10.5,27,2,6
2016_01_MIA_SEA,2016,1,-4,-10.5,16,1,10
2016_01_MIA_SEA,2016,1,-4,-10.5,11,2,5
2016_01_MIA_SEA,2016,1,-4,-10.5,2,1,2
2016_01_MIA_SEA,2016,1,-4,-10.5,2,2,2
2016_01_MIA_SEA,2016,0,-2,10.5,82,1,10
2016_01_MIA_SEA,2016,0,-2,10.5,82,2,10
2016_01_MIA_SEA,2016,0,-2,10.5,91,3,19
2016_01_MIN_TEN,2016,0,0,2.5,71,1,10
2016_01_MIN_TEN,2016,0,0,2.5,65,2,4
2016_01_MIN_TEN,2016,0,0,2.5,62,3,1
2016_01_MIN_TEN,2016,0,0,2.5,59,1,10
2016_01_MIN_TEN,2016,0,0,2.5,59,2,10
2016_01_MIN_TEN,2016,0,0,2.5,47,1,10
2016_01_MIN_TEN,2016,0,0,2.5,35,1,10
2016_01_MIN_TEN,2016,0,0,2.5,35,2,10
2016_01_MIN_TEN,2016,0,0,2.5,36,3,11
2016_01_MIN_TEN,2016,0,0,2.5,36,4,11
2016_01_MIN_TEN,2016,1,0,-2.5,80,1,10
2016_01_MIN_TEN,2016,1,0,-2.5,79,2,9
2016_01_MIN_TEN,2016,1,0,-2.5,74,3,4
2016_01_MIN_TEN,2016,1,0,-2.5,74,4,4
2016_01_MIN_TEN,2016,0,0,2.5,63,1,10
2016_01_MIN_TEN,2016,0,0,2.5,59,2,6
2016_01_MIN_TEN,2016,0,0,2.5,30,1,10
2016_01_MIN_TEN,2016,0,0,2.5,25,2,5
2016_01_MIN_TEN,2016,0,0,2.5,14,1,10
2016_01_MIN_TEN,2016,0,0,2.5,8,2,4
2016_01_MIN_TEN,2016,0,0,2.5,10,3,6
2016_01_MIN_TEN,2016,0,0,2.5,10,4,6
2016_01_MIN_TEN,2016,1,-3,-2.5,75,1,10
2016_01_MIN_TEN,2016,1,-3,-2.5,67,2,2
2016_01_MIN_TEN,2016,1,-3,-2.5,65,1,10
2016_01_MIN_TEN,2016,1,-3,-2.5,53,1,10
2016_01_MIN_TEN,2016,1,-3,-2.5,46,2,3
2016_01_MIN_TEN,2016,1,-3,-2.5,45,3,2
2016_01_MIN_TEN,2016,1,-3,-2.5,35,1,10
2016_01_MIN_TEN,2016,1,-3,-2.5,35,2,10
2016_01_MIN_TEN,2016,1,-3,-2.5,22,1,10
2016_01_MIN_TEN,2016,1,-3,-2.5,22,2,10
2016_01_MIN_TEN,2016,1,-3,-2.5,13,3,1
2016_01_MIN_TEN,2016,1,-3,-2.5,11,1,10
2016_01_MIN_TEN,2016,1,-3,-2.5,13,2,12
2016_01_MIN_TEN,2016,1,-3,-2.5,15,3,14
2016_01_MIN_TEN,2016,1,-3,-2.5,25,3,24
2016_01_MIN_TEN,2016,1,-3,-2.5,19,4,18
2016_01_MIN_TEN,2016,0,3,2.5,73,1,10
2016_01_MIN_TEN,2016,0,3,2.5,71,2,8
2016_01_MIN_TEN,2016,0,3,2.5,65,3,2
2016_01_MIN_TEN,2016,0,3,2.5,53,1,10
2016_01_MIN_TEN,2016,0,3,2.5,48,2,5
2016_01_MIN_TEN,2016,0,3,2.5,53,2,10
2016_01_MIN_TEN,2016,0,3,2.5,44,3,1
2016_01_MIN_TEN,2016,0,3,2.5,45,4,2
2016_01_MIN_TEN,2016,1,-3,-2.5,90,1,10
2016_01_MIN_TEN,2016,1,-3,-2.5,88,2,8
2016_01_MIN_TEN,2016,1,-3,-2.5,72,1,10
2016_01_MIN_TEN,2016,1,-3,-2.5,72,2,10
2016_01_MIN_TEN,2016,1,-3,-2.5,86,2,24
2016_01_MIN_TEN,2016,1,-3,-2.5,84,3,22
2016_01_MIN_TEN,2016,1,-3,-2.5,63,4,1
2016_01_MIN_TEN,2016,0,3,2.5,73,1,10
2016_01_MIN_TEN,2016,0,3,2.5,67,2,4
2016_01_MIN_TEN,2016,0,3,2.5,55,1,10
2016_01_MIN_TEN,2016,0,3,2.5,50,2,5
2016_01_MIN_TEN,2016,0,3,2.5,46,3,1
2016_01_MIN_TEN,2016,0,3,2.5,30,1,10
2016_01_MIN_TEN,2016,0,3,2.5,28,2,8
2016_01_MIN_TEN,2016,0,3,2.5,28,3,8
2016_01_MIN_TEN,2016,0,3,2.5,20,1,10
2016_01_MIN_TEN,2016,0,3,2.5,20,2,10
2016_01_MIN_TEN,2016,0,3,2.5,20,3,10
2016_01_MIN_TEN,2016,0,3,2.5,6,1,6
2016_01_MIN_TEN,2016,0,3,2.5,6,2,6
2016_01_MIN_TEN,2016,1,-10,-2.5,75,1,10
2016_01_MIN_TEN,2016,1,-10,-2.5,75,2,10
2016_01_MIN_TEN,2016,1,-10,-2.5,75,3,10
2016_01_MIN_TEN,2016,1,-10,-2.5,62,1,10
2016_01_MIN_TEN,2016,1,-10,-2.5,62,2,10
2016_01_MIN_TEN,2016,1,-10,-2.5,41,1,10
2016_01_MIN_TEN,2016,1,-10,-2.5,41,2,10
2016_01_MIN_TEN,2016,1,-10,-2.5,38,3,7
2016_01_MIN_TEN,2016,1,-10,-2.5,34,1,10
2016_01_MIN_TEN,2016,1,-10,-2.5,34,2,10
2016_01_MIN_TEN,2016,1,-10,-2.5,32,3,8
2016_01_MIN_TEN,2016,1,-10,-2.5,32,4,8
2016_01_MIN_TEN,2016,0,7,2.5,80,1,10
2016_01_MIN_TEN,2016,0,7,2.5,74,2,4
2016_01_MIN_TEN,2016,0,7,2.5,71,3,1
2016_01_MIN_TEN,2016,0,7,2.5,71,4,1
2016_01_MIN_TEN,2016,1,-7,-2.5,73,1,10
2016_01_MIN_TEN,2016,1,-7,-2.5,75,2,12
2016_01_MIN_TEN,2016,1,-7,-2.5,60,1,10
2016_01_MIN_TEN,2016,1,-7,-2.5,58,2,8
2016_01_MIN_TEN,2016,1,-7,-2.5,44,1,10
2016_01_MIN_TEN,2016,1,-7,-2.5,34,1,10
2016_01_MIN_TEN,2016,1,-7,-2.5,31,2,7
2016_01_MIN_TEN,2016,1,-7,-2.5,23,1,10
2016_01_MIN_TEN,2016,1,-7,-2.5,23,2,10
2016_01_MIN_TEN,2016,1,-7,-2.5,24,3,11
2016_01_MIN_TEN,2016,1,-7,-2.5,15,4,2
2016_01_MIN_TEN,2016,0,4,2.5,66,1,10
2016_01_MIN_TEN,2016,0,4,2.5,75,2,19
2016_01_MIN_TEN,2016,0,4,2.5,58,3,2
2016_01_MIN_TEN,2016,0,4,2.5,42,1,10
2016_01_MIN_TEN,2016,0,4,2.5,46,2,14
2016_01_MIN_TEN,2016,0,4,2.5,36,3,4
2016_01_MIN_TEN,2016,0,4,2.5,31,1,10
2016_01_MIN_TEN,2016,0,4,2.5,24,2,3
2016_01_MIN_TEN,2016,0,-2,2.5,75,1,10
2016_01_MIN_TEN,2016,0,-2,2.5,80,1,15
2016_01_MIN_TEN,2016,0,-2,2.5,76,2,11
2016_01_MIN_TEN,2016,0,-2,2.5,76,3,11
2016_01_MIN_TEN,2016,0,-2,2.5,76,4,11
2016_01_MIN_TEN,2016,1,2,-2.5,69,1,10
2016_01_MIN_TEN,2016,1,2,-2.5,69,2,10
2016_01_MIN_TEN,2016,1,2,-2.5,74,3,15
2016_01_MIN_TEN,2016,1,2,-2.5,58,1,10
2016_01_MIN_TEN,2016,1,2,-2.5,55,2,7
2016_01_MIN_TEN,2016,1,2,-2.5,49,3,1
2016_01_MIN_TEN,2016,1,2,-2.5,31,1,10
2016_01_MIN_TEN,2016,1,2,-2.5,27,2,6
2016_01_MIN_TEN,2016,1,2,-2.5,27,3,6
2016_01_MIN_TEN,2016,1,2,-2.5,27,4,6
2016_01_MIN_TEN,2016,0,-5,2.5,75,1,10
2016_01_MIN_TEN,2016,0,-12,2.5,75,1,10
2016_01_MIN_TEN,2016,0,-12,2.5,60,1,10
2016_01_MIN_TEN,2016,0,-12,2.5,58,2,8
2016_01_MIN_TEN,2016,1,12,-2.5,46,1,10
2016_01_MIN_TEN,2016,1,12,-2.5,45,2,9
2016_01_MIN_TEN,2016,1,12,-2.5,41,3,5
2016_01_MIN_TEN,2016,1,12,-2.5,41,4,5
2016_01_MIN_TEN,2016,0,-12,2.5,85,1,10
2016_01_MIN_TEN,2016,0,-12,2.5,85,2,10
2016_01_MIN_TEN,2016,0,-12,2.5,95,3,20
2016_01_MIN_TEN,2016,0,-12,2.5,95,4,20
2016_01_MIN_TEN,2016,1,12,-2.5,57,1,10
2016_01_MIN_TEN,2016,1,12,-2.5,55,2,8
2016_01_MIN_TEN,2016,1,12,-2.5,49,3,2
2016_01_MIN_TEN,2016,1,12,-2.5,16,1,10
2016_01_MIN_TEN,2016,1,12,-2.5,10,2,4
2016_01_MIN_TEN,2016,1,12,-2.5,11,3,5
2016_01_MIN_TEN,2016,1,12,-2.5,12,4,6
2016_01_MIN_TEN,2016,0,-15,2.5,74,1,10
2016_01_MIN_TEN,2016,0,-15,2.5,64,1,10
2016_01_MIN_TEN,2016,0,-15,2.5,64,2,10
2016_01_MIN_TEN,2016,0,-15,2.5,64,3,10
2016_01_MIN_TEN,2016,0,-15,2.5,38,1,10
2016_01_MIN_TEN,2016,0,-15,2.5,31,2,3
2016_01_MIN_TEN,2016,0,-15,2.5,16,1,10
2016_01_MIN_TEN,2016,0,-15,2.5,7,2,1
2016_01_MIN_TEN,2016,0,-15,2.5,4,1,4
2016_01_MIN_TEN,2016,0,-15,2.5,4,2,4
2016_01_NE_ARI,2016,0,0,-9,75,1,10
2016_01_NE_ARI,2016,0,0,-9,73,2,8
2016_01_NE_ARI,2016,0,0,-9,60,1,10
2016_01_NE_ARI,2016,0,0,-9,60,2,10
2016_01_NE_ARI,2016,0,0,-9,62,3,12
2016_01_NE_ARI,2016,0,0,-9,51,4,1
2016_01_NE_ARI,2016,0,0,-9,56,4,6
2016_01_NE_ARI,2016,1,0,9,74,1,10
2016_01_NE_ARI,2016,1,0,9,74,2,10
2016_01_NE_ARI,2016,1,0,9,74,3,10
2016_01_NE_ARI,2016,1,0,9,63,1,10
2016_01_NE_ARI,2016,1,0,9,72,1,19
2016_01_NE_ARI,2016,1,0,9,53,1,10
2016_01_NE_ARI,2016,1,0,9,51,2,8
2016_01_NE_ARI,2016,1,0,9,43,1,10
2016_01_NE_ARI,2016,1,0,9,37,2,4
2016_01_NE_ARI,2016,0,-7,-9,89,1,10
2016_01_NE_ARI,2016,0,-7,-9,50,1,10
2016_01_NE_ARI,2016,0,-7,-9,47,2,7
2016_01_NE_ARI,2016,0,-7,-9,47,3,7
2016_01_NE_ARI,2016,0,-7,-9,47,4,7
2016_01_NE_ARI,2016,1,7,9,92,1,10
2016_01_NE_ARI,2016,1,7,9,71,1,10
2016_01_NE_ARI,2016,1,7,9,70,2,9
2016_01_NE_ARI,2016,1,7,9,70,3,9
2016_01_NE_ARI,2016,1,7,9,65,3,4
2016_01_NE_ARI,2016,1,7,9,61,1,10
2016_01_NE_ARI,2016,1,7,9,48,1,10
2016_01_NE_ARI,2016,1,7,9,45,2,7
2016_01_NE_ARI,2016,1,7,9,43,3,5
2016_01_NE_ARI,2016,1,7,9,36,1,10
2016_01_NE_ARI,2016,1,7,9,36,2,10
2016_01_NE_ARI,2016,1,7,9,29,3,3
2016_01_NE_ARI,2016,1,7,9,29,4,3
2016_01_NE_ARI,2016,0,-10,-9,81,1,10
2016_01_NE_ARI,2016,0,-10,-9,55,1,10
2016_01_NE_ARI,2016,0,-10,-9,58,2,13
2016_01_NE_ARI,2016,0,-10,-9,50,3,5
2016_01_NE_ARI,2016,0,-10,-9,39,1,10
2016_01_NE_ARI,2016,0,-10,-9,38,2,9
2016_01_NE_ARI,2016,0,-10,-9,31,3,2
2016_01_NE_ARI,2016,0,-10,-9,39,4,10
2016_01_NE_ARI,2016,1,10,9,84,1,10
2016_01_NE_ARI,2016,1,10,9,89,1,15
2016_01_NE_ARI,2016,1,10,9,79,2,5
2016_01_NE_ARI,2016,1,10,9,79,3,5
2016_01_NE_ARI,2016,1,10,9,60,1,10
2016_01_NE_ARI,2016,1,10,9,60,2,10
2016_01_NE_ARI,2016,1,10,9,59,3,9
2016_01_NE_ARI,2016,0,-10,-9,54,1,10
2016_01_NE_ARI,2016,0,-10,-9,48,2,4
2016_01_NE_ARI,2016,0,-10,-9,37,1,10
2016_01_NE_ARI,2016,0,-10,-9,29,2,2
2016_01_NE_ARI,2016,0,-10,-9,26,1,10
2016_01_NE_ARI,2016,0,-10,-9,23,2,7
2016_01_NE_ARI,2016,0,-10,-9,17,3,1
2016_01_NE_ARI,2016,0,-10,-9,15,1,10
2016_01_NE_ARI,2016,0,-10,-9,6,2,1
2016_01_NE_ARI,2016,0,-10,-9,6,3,1
2016_01_NE_ARI,2016,0,-10,-9,3,1,3
2016_01_NE_ARI,2016,1,3,9,74,1,10
2016_01_NE_ARI,2016,1,3,9,70,2,6
2016_01_NE_ARI,2016,1,3,9,72,3,8
2016_01_NE_ARI,2016,1,3,9,74,4,10
2016_01_NE_ARI,2016,0,-3,-9,62,1,10
2016_01_NE_ARI,2016,0,-3,-9,62,2,10
2016_01_NE_ARI,2016,0,-3,-9,62,3,10
2016_01_NE_ARI,2016,0,-3,-9,62,4,10
2016_01_NE_ARI,2016,1,3,9,69,1,10
2016_01_NE_ARI,2016,1,3,9,68,2,9
2016_01_NE_ARI,2016,1,3,9,75,2,16
2016_01_NE_ARI,2016,1,3,9,85,2,26
2016_01_NE_ARI,2016,1,3,9,81,3,22
2016_01_NE_ARI,2016,1,3,9,77,4,18
2016_01_NE_ARI,2016,0,-3,-9,68,1,10
2016_01_NE_ARI,2016,1,3,9,75,1,10
2016_01_NE_ARI,2016,1,3,9,72,2,7
