Team,GM,Team_Payroll,Winning_Percentage,Year,Relative_Payroll
Arizona DBacks,Joe Garagiola,31614500,0.401,1998,0.7202383806898792
Arizona DBacks,Joe Garagiola,70496000,0.617,1999,1.530313563194118
Arizona DBacks,Joe Garagiola,81027833,0.525,2000,1.4330281969854015
Arizona DBacks,Joe Garagiola,81206513,0.568,2001,1.292113164091806
Arizona DBacks,Joe Garagiola,102820000,0.605,2002,1.6826063975667043
Arizona DBacks,Joe Garagiola,80640333,0.519,2003,1.1690421520080938
Arizona DBacks,Joe Garagiola,70204984,0.315,2004,1.1285562409913807
Arizona DBacks,Josh Byrnes,63015834,0.475,2005,0.9546839863224524
Arizona DBacks,Josh Byrnes,59684226,0.469,2006,0.8260759254243004
Arizona DBacks,Josh Byrnes,52067546,0.556,2007,0.6153333126164112
Arizona DBacks,Josh Byrnes,66202712,0.506,2008,0.8280122582067959
Arizona DBacks,Josh Byrnes,73571667,0.432,2009,0.9048335761336557
Arizona DBacks,Josh Byrnes,60718167,0.401,2010,0.7200465682119123
Arizona DBacks,Kevin Towers,53639833,0.58,2011,0.6185840502426508
Arizona DBacks,Kevin Towers,74284833,0.5,2012,0.8662601972893522
Arizona DBacks,Kevin Towers,89100500,0.5,2013,0.9857802549378283
Arizona DBacks,Kevin Towers/Dave Stewart,112688666,0.395,2014,1.0668677275551115
Arizona DBacks,Dave Stewart,76639242,0.488,2015,0.6258646719548181
Atlanta Braves,John Schuerholz,61708000,0.654,1998,1.4058254913286963
Atlanta Braves,John Schuerholz,74890000,0.636,1999,1.6256976672095933
Atlanta Braves,John Schuerholz,84537836,0.586,2000,1.4951048080000802
Atlanta Braves,John Schuerholz,91851687,0.543,2001,1.4614932907750908
Atlanta Braves,John Schuerholz,93470367,0.631,2002,1.5296035547277549
Atlanta Braves,John Schuerholz,106243667,0.623,2003,1.5402134451368312
Atlanta Braves,John Schuerholz,88507788,0.593,2004,1.4227767151651518
Atlanta Braves,John Schuerholz,85148582,0.556,2005,1.2899930467232128
Atlanta Braves,John Schuerholz,90156876,0.488,2006,1.2478410086957297
Atlanta Braves,John Schuerholz,87290833,0.519,2007,1.0316014784129819
Atlanta Braves,Frank Wren,102365683,0.444,2008,1.2803106969954798
Atlanta Braves,Frank Wren,96726167,0.531,2009,1.1896031062108623
Atlanta Braves,Frank Wren,84423667,0.562,2010,1.0011661204992448
Atlanta Braves,Frank Wren,87003192,0.549,2011,1.0033362126872953
Atlanta Braves,Frank Wren,83309942,0.58,2012,0.9715050014729721
Atlanta Braves,Frank Wren,89778192,0.593,2013,0.9932780287160824
Atlanta Braves,Frank Wren/John Hart,110897341,0.488,2014,1.0499085523345737
Atlanta Braves,John Hart,111081246,0.414,2015,0.9071309393707528
Baltimore Orioles,Pat Gillick,71860921,0.488,1998,1.637128323266961
Baltimore Orioles,Frank Wren,72198363,0.481,1999,1.5672681306643266
Baltimore Orioles,Syd Thrift,81447435,0.457,2000,1.440449122305118
Baltimore Orioles,Syd Thrift,72426328,0.391,2001,1.1524077118744276
Baltimore Orioles,Syd Thrift,60493487,0.414,2002,0.9899506733837605
Baltimore Orioles,Jim Beattie and Mike Flanagan,73877500,0.438,2003,1.0710014253658644
Baltimore Orioles,Jim Beattie and Mike Flanagan,51212653,0.481,2004,0.8232515110447993
Baltimore Orioles,Jim Beattie and Mike Flanagan,74570539,0.457,2005,1.1297366854612112
Baltimore Orioles,Mike Flanagan,72585582,0.432,2006,1.0046406871911422
Baltimore Orioles,Mike Flanagan and Andy MacPhail,93554808,0.426,2007,1.1056290211532598
Baltimore Orioles,Andy MacPhail,67196246,0.422,2008,0.8404386121444598
Baltimore Orioles,Andy MacPhail,67101667,0.395,2009,0.8252611880622429
Baltimore Orioles,Andy MacPhail,81612500,0.407,2010,0.9678289620995095
Baltimore Orioles,Andy MacPhail,85304038,0.426,2011,0.9837412679508715
Baltimore Orioles,Dan Duquette,81428999,0.574,2012,0.9495706982179588
Baltimore Orioles,Dan Duquette,90993333,0.525,2013,1.0067219712839177
Baltimore Orioles,Dan Duquette,107406623,0.593,2014,1.0168605581361534
Baltimore Orioles,Dan Duquette,118284476,0.5,2015,0.9659552056776287
Boston Red Sox,Dan Duquette,59497000,0.568,1998,1.3554547102091048
Boston Red Sox,Dan Duquette,71725000,0.58,1999,1.5569924580131937
Boston Red Sox,Dan Duquette,77940333,0.525,2000,1.378423817300307
Boston Red Sox,Dan Duquette,109558908,0.509,2001,1.743240807179137
Boston Red Sox,Mike Port,108366060,0.574,2002,1.773365355330649
Boston Red Sox,Theo Epstein,99946500,0.586,2003,1.4489234741339294
Boston Red Sox,Theo Epstein,125208542,0.605,2004,2.012747150537509
Boston Red Sox,Theo Epstein,121311945,0.586,2005,1.8378646109980883
Boston Red Sox,Theo Epstein,120099824,0.531,2006,1.6622746059251166
Boston Red Sox,Theo Epstein,143026214,0.593,2007,1.6902811984187565
Boston Red Sox,Theo Epstein,133390035,0.586,2008,1.6683392683767024
Boston Red Sox,Theo Epstein,122696000,0.586,2009,1.5089974848238115
Boston Red Sox,Theo Epstein,162747333,0.549,2010,1.9299933512863012
Boston Red Sox,Theo Epstein,161407476,0.556,2011,1.861379587880586
Boston Red Sox,Ben Cherington,173186617,0.426,2012,2.0195868651989226
Boston Red Sox,Ben Cherington,150655500,0.599,2013,1.6668056542644092
Boston Red Sox,Ben Cherington,162817411,0.438,2014,1.5414561858419429
Boston Red Sox,Ben Cherington,214789749,0.481,2015,1.7540533059701024
Chicago Cubs,Ed Lynch,49816000,0.552,1998,1.1349031353476102
Chicago Cubs,Ed Lynch,55443500,0.414,1999,1.2035567981297248
Chicago Cubs,Ed Lynch/Andy MacPhail,60539333,0.401,2000,1.0706761862394718
Chicago Cubs,Andy MacPhail,64015833,0.543,2001,1.0185845626643597
Chicago Cubs,Andy MacPhail/Jim Hendry,75690833,0.414,2002,1.2386488994646279
Chicago Cubs,Jim Hendry,79868333,0.543,2003,1.1578504752407093
Chicago Cubs,Jim Hendry,91101667,0.549,2004,1.4644737310611526
Chicago Cubs,Jim Hendry,87210933,0.488,2005,1.3212374713209432
Chicago Cubs,Jim Hendry,94424499,0.407,2006,1.3069082171585995
Chicago Cubs,Jim Hendry,99670332,0.525,2007,1.1779021726727334
Chicago Cubs,Jim Hendry,118345833,0.602,2008,1.48017803910653
Chicago Cubs,Jim Hendry,135050000,0.516,2009,1.660935240965115
Chicago Cubs,Jim Hendry,146859000,0.463,2010,1.7415762725681956
Chicago Cubs,Jim Hendry,125480664,0.438,2011,1.447065231621008
Chicago Cubs,Jed Hoyer,88197033,0.377,2012,1.0284949985270277
Chicago Cubs,Jed Hoyer,104304676,0.407,2013,1.1539945353672267
Chicago Cubs,Jed Hoyer,89007857,0.451,2014,0.8426722358408283
Chicago Cubs,Jed Hoyer,134193810,0.599,2015,1.0958767686404987
Chicago White Sox,Ron Schueler,35180000,0.494,1998,0.8014672454939965
Chicago White Sox,Ron Schueler,24535000,0.466,1999,0.5326010450659283
Chicago White Sox,Ron Schueler,31133500,0.586,2000,0.550615531959802
Chicago White Sox,Ken Williams,62363000,0.512,2001,0.99228559724338
Chicago White Sox,Ken Williams,57052833,0.5,2002,0.9336458063130207
Chicago White Sox,Ken Williams,51010000,0.531,2003,0.739491492103993
Chicago White Sox,Ken Williams,65212500,0.512,2004,1.0483012696883518
Chicago White Sox,Ken Williams,75228000,0.611,2005,1.1396971580676922
Chicago White Sox,Ken Williams,102750667,0.556,2006,1.4221488325908611
Chicago White Sox,Ken Williams,108671833,0.444,2007,1.2842817479430935
Chicago White Sox,Ken Williams,121189332,0.546,2008,1.515742322760027
Chicago White Sox,Ken Williams,96068500,0.488,2009,1.1815146775020893
Chicago White Sox,Ken Williams,108273197,0.543,2010,1.2839937004221869
Chicago White Sox,Ken Williams,129285539,0.488,2011,1.4909437237141323
Chicago White Sox,Ken Williams,96919500,0.525,2012,1.130210593475863
Chicago White Sox,Rick Hahn,119073277,0.389,2013,1.3173897492981819
Chicago White Sox,Rick Hahn,91159254,0.451,2014,0.8630403536820572
Chicago White Sox,Rick Hahn,118875487,0.469,2015,0.9707816222233023
Cincinnati Reds,Jim Bowden,20707333,0.475,1998,0.47175239172930455
Cincinnati Reds,Jim Bowden,42142761,0.589,1999,0.9148269227863725
Cincinnati Reds,Jim Bowden,46867200,0.525,2000,0.8288759137092337
Cincinnati Reds,Jim Bowden,45227882,0.407,2001,0.7196410676590785
Cincinnati Reds,Jim Bowden,45050390,0.481,2002,0.7372308347293822
Cincinnati Reds,Jim Bowden,59355667,0.426,2003,0.8604785484151684
Cincinnati Reds,Dan OÍBrien Jr.,43067858,0.469,2004,0.6923226409684897
Cincinnati Reds,Dan OÍBrien Jr.,59658275,0.451,2005,0.9038172817663749
Cincinnati Reds,Wayne Krivsky,60909519,0.494,2006,0.8430349297831894
Cincinnati Reds,Wayne Krivsky,68904980,0.444,2007,0.8143178017102546
Cincinnati Reds,Wayne Krivsky,74117695,0.457,2008,0.9270067366731524
Cincinnati Reds,Walt Jocketty,70968500,0.481,2009,0.8728180869932082
Cincinnati Reds,Walt Jocketty,72386544,0.562,2010,0.8584198958430446
Cincinnati Reds,Walt Jocketty,76181365,0.488,2011,0.8785369878894612
Cincinnati Reds,Walt Jocketty,82203616,0.599,2012,0.9586037652404515
Cincinnati Reds,Walt Jocketty,107491305,0.556,2013,1.1892504087687483
Cincinnati Reds,Walt Jocketty,112390772,0.469,2014,1.0640474484080296
Cincinnati Reds,Walt Jocketty,114040612,0.395,2015,0.9312982273351125
Cleveland Indians,John Hart,59543165,0.549,1998,1.3565064366271897
Cleveland Indians,John Hart,73278458,0.599,1999,1.5907146244801198
Cleveland Indians,John Hart,75880871,0.556,2000,1.3420009363302587
Cleveland Indians,John Hart,91974979,0.562,2001,1.4634550449539363
Cleveland Indians,Mark Shapiro,78909448,0.457,2002,1.2913201909478427
Cleveland Indians,Mark Shapiro,48584834,0.42,2003,0.7043338833225801
Cleveland Indians,Mark Shapiro,34569300,0.494,2004,0.5557069746174051
Cleveland Indians,Mark Shapiro,41830400,0.574,2005,0.6337266443456531
Cleveland Indians,Mark Shapiro,56031500,0.481,2006,0.7755193678043456
Cleveland Indians,Mark Shapiro,61673267,0.593,2007,0.7288535488687405
Cleveland Indians,Mark Shapiro,78970066,0.5,2008,0.9876964357502411
Cleveland Indians,Mark Shapiro,81625567,0.401,2009,1.0038858259463839
Cleveland Indians,Mark Shapiro,61203967,0.426,2010,0.7258075890088238
Cleveland Indians,Chris Antonetti,49188867,0.494,2011,0.5672547223573025
Cleveland Indians,Chris Antonetti,78430300,0.42,2012,0.9146018696907225
Cleveland Indians,Chris Antonetti,77772800,0.568,2013,0.8604541008325288
Cleveland Indians,Chris Antonetti,82534800,0.525,2014,0.7813892705076092
Cleveland Indians,Chris Antonetti,77404413,0.503,2015,0.6321133441024933
Colorado Rockies,Bob Gebhard,47714648,0.475,1998,1.0870303440101088
Colorado Rockies,Bob Gebhard,54442505,0.444,1999,1.1818273918486664
Colorado Rockies,Dan O'Dowd,61111190,0.506,2000,1.0807898370098616
Colorado Rockies,Dan O'Dowd,71068000,0.451,2001,1.1307947472843276
Colorado Rockies,Dan O'Dowd,56851043,0.451,2002,0.9303435971614453
Colorado Rockies,Dan O'Dowd,67179667,0.457,2003,0.9739030031146712
Colorado Rockies,Dan O'Dowd,64590403,0.42,2004,1.0383009618490675
Colorado Rockies,Dan O'Dowd,47789000,0.414,2005,0.7239988765738414
Colorado Rockies,Dan O'Dowd,41233000,0.469,2006,0.5706966633532313
Colorado Rockies,Dan O'Dowd,54424000,0.552,2007,0.6431818431741638
Colorado Rockies,Dan O'Dowd,68655500,0.457,2008,0.8586898312159278
Colorado Rockies,Dan O'Dowd,75201000,0.568,2009,0.92487220330113
Colorado Rockies,Dan O'Dowd,84227000,0.512,2010,0.9988338795007552
Colorado Rockies,Dan O'Dowd,87998071,0.451,2011,1.0148093334429351
Colorado Rockies,Dan O'Dowd,78069571,0.395,2012,0.9103952885881171
Colorado Rockies,Dan O'Dowd,71924071,0.457,2013,0.7957455799523736
Colorado Rockies,Dan OÍDowd/Jeff Bridich,95832071,0.407,2014,0.9072797419988103
Colorado Rockies,Jeff Bridich,106860781,0.42,2015,0.872665046000855
Detroit Tigers,Randy Smith,19237500,0.401,1998,0.4382668031606241
Detroit Tigers,Randy Smith,34959667,0.429,1999,0.7588977044775564
Detroit Tigers,Randy Smith,58265167,0.488,2000,1.0304561299703439
Detroit Tigers,Randy Smith,49831167,0.407,2001,0.792885995027975
Detroit Tigers,Dave Dombrowski,55048000,0.342,2002,0.9008375507999605
Detroit Tigers,Dave Dombrowski,49168000,0.265,2003,0.7127880353610886
Detroit Tigers,Dave Dombrowski,46353554,0.444,2004,0.7451407247501257
Detroit Tigers,Dave Dombrowski,68998183,0.438,2005,1.0453160136775477
Detroit Tigers,Dave Dombrowski,82612866,0.586,2006,1.1434260659240805
Detroit Tigers,Dave Dombrowski,95180369,0.543,2007,1.124839871516556
Detroit Tigers,Dave Dombrowski,137685196,0.457,2008,1.722059816244466
Detroit Tigers,Dave Dombrowski,115085145,0.528,2009,1.4153940987936333
Detroit Tigers,Dave Dombrowski,122864929,0.5,2010,1.4570346051462697
Detroit Tigers,Dave Dombrowski,105705232,0.586,2011,1.2190114488685873
Detroit Tigers,Dave Dombrowski,132300000,0.543,2012,1.5427943965544257
Detroit Tigers,Dave Dombrowski,148414500,0.574,2013,1.6420119263805513
Detroit Tigers,Dave Dombrowski,162228527,0.556,2014,1.5358809904192412
Detroit Tigers,Dave Dombrowski,162218297,0.46,2015,1.3247351955408726
Houston Astros,Gerry Hunsicker,48304000,0.63,1998,1.1004569023974418
Houston Astros,Gerry Hunsicker,54339000,0.599,1999,1.1795805252837774
Houston Astros,Gerry Hunsicker,51289111,0.444,2000,0.9070801913376373
Houston Astros,Gerry Hunsicker,60382667,0.574,2001,0.9607756327829503
Houston Astros,Gerry Hunsicker,63448417,0.519,2002,1.0383068698665634
Houston Astros,Gerry Hunsicker,71040000,0.537,2003,1.029866214449474
Houston Astros,Gerry Hunsicker,74666303,0.568,2004,1.20027265076228
Houston Astros,Tim Purpura,76779022,0.549,2005,1.1631949961798376
Houston Astros,Tim Purpura,92551503,0.506,2006,1.2809845015018695
Houston Astros,Tim Purpura/Ed Wade,87759000,0.451,2007,1.0371342675128885
Houston Astros,Ed Wade,88930414,0.534,2008,1.112272755826155
Houston Astros,Ed Wade,102996415,0.457,2009,1.2667188105632579
Houston Astros,Ed Wade,92355500,0.469,2010,1.0952283989484608
Houston Astros,Ed Wade,70694000,0.346,2011,0.8152557232580117
Houston Astros,Jeff Luhnow,60651000,0.34,2012,0.7072715264204269
Houston Astros,Jeff Luhnow,22062600,0.315,2013,0.24409375315055842
Houston Astros,Jeff Luhnow,44544174,0.432,2014,0.42171713782821324
Houston Astros,Jeff Luhnow,81450835,0.531,2015,0.6651579373360845
KC Royals,Herk Robinson,35610000,0.447,1998,0.8112634625367031
KC Royals,Herk Robinson,16557000,0.398,1999,0.3594161607155727
KC Royals,Herk Robinson/Allard Baird,23433000,0.475,2000,0.4144273454771882
KC Royals,Allard Baird,35643000,0.401,2001,0.5671317214140723
KC Royals,Allard Baird,47257000,0.383,2002,0.7733410866544422
KC Royals,Allard Baird,40518000,0.512,2003,0.5873890664001096
KC Royals,Allard Baird,47609000,0.358,2004,0.765322218111447
KC Royals,Allard Baird,36881000,0.346,2005,0.5587436976484096
KC Royals,Allard Baird/Dayton Moore,47294000,0.383,2006,0.6545855988317058
KC Royals,Dayton Moore,67116500,0.426,2007,0.7931815775650222
KC Royals,Dayton Moore,58245500,0.463,2008,0.728489612108095
KC Royals,Dayton Moore,70908333,0.401,2009,0.8720781129788198
KC Royals,Dayton Moore,72267710,0.414,2010,0.8570106633494666
KC Royals,Dayton Moore,36126400,0.438,2011,0.4166160404094864
KC Royals,Dayton Moore,60916225,0.444,2012,0.7103644035468528
KC Royals,Dayton Moore,81491725,0.531,2013,0.9015991318322949
KC Royals,Dayton Moore,92034345,0.549,2014,0.8713251828464554
KC Royals,Dayton Moore,126560340,0.586,2015,1.0335390018156787
LA Angels,Bill Bavasi,48389000,0.525,1998,1.1023933639058838
LA Angels,Bill Bavasi,49868167,0.432,1999,1.082528545332066
LA Angels,Bill Stoneman,51464167,0.506,2000,0.9101761668162296
LA Angels,Bill Stoneman,46568180,0.463,2001,0.7409671488516784
LA Angels,Bill Stoneman,61721667,0.611,2002,1.0100493266162394
LA Angels,Bill Stoneman,79031667,0.475,2003,1.1457213360771594
LA Angels,Bill Stoneman,101084667,0.568,2004,1.6249520377554032
LA Angels,Bill Stoneman,95017822,0.586,2005,1.439511108884748
LA Angels,Bill Stoneman,103472000,0.549,2006,1.4321326401301275
LA Angels,Bill Stoneman/Tony Reagins,109251333,0.58,2007,1.2911302684141988
LA Angels,Tony Reagins,119216333,0.617,2008,1.4910655790424925
LA Angels,Tony Reagins,113709000,0.599,2009,1.3984693470188985
LA Angels,Tony Reagins,105013667,0.494,2010,1.2453394803354083
LA Angels,Tony Reagins,138998524,0.531,2011,1.6029555862649743
LA Angels,Jerry Dipoto,154485166,0.549,2012,1.8015030117579767
LA Angels,Jerry Dipoto,127896250,0.481,2013,1.415004381912472
LA Angels,Jerry Dipoto,155692000,0.605,2014,1.4739971297424928
LA Angels,Jerry Dipoto,151348162,0.525,2015,1.2359656135572774
LA Dodgers,Fred Claire/Tommy Lasorda,62806667,0.512,1998,1.4308552131651133
LA Dodgers,Kevin Malone,71115786,0.475,1999,1.543767758071527
LA Dodgers,Kevin Malone,88124286,0.531,2000,1.5585334322985764
LA Dodgers,Kevin Malone/David Wallace,108980952,0.531,2001,1.7340446906574751
LA Dodgers,Dan Evans,94850952,0.568,2002,1.552196252193079
LA Dodgers,Dan Evans,105872620,0.525,2003,1.5348343802540492
LA Dodgers,Paul DePodesta,89694342,0.574,2004,1.4418507587113092
LA Dodgers,Paul DePodesta,81029500,0.438,2005,1.2275893400016757
LA Dodgers,Ned Colletti,98447187,0.543,2006,1.3625853354694446
LA Dodgers,Ned Colletti,108454524,0.506,2007,1.2817135941293656
LA Dodgers,Ned Colletti,118588536,0.519,2008,1.4832135802955915
LA Dodgers,Ned Colletti,100458101,0.586,2009,1.2355009269998731
LA Dodgers,Ned Colletti,94945517,0.494,2010,1.125942976555201
LA Dodgers,Ned Colletti,103788990,0.509,2011,1.1969130068841562
LA Dodgers,Ned Colletti,95143575,0.531,2012,1.1095009401221145
LA Dodgers,Ned Colletti,216597577,0.568,2013,2.396368310772396
LA Dodgers,Ned Colletti,235295219,0.58,2014,2.2276319749770783
LA Dodgers,Ned Colletti,301735080,0.568,2015,2.464081349623223
Miami Marlins,Dave Dombrowski,15141000,0.333,1998,0.3449407494037692
Miami Marlins,Dave Dombrowski,15150000,0.395,1999,0.32887327624816853
Miami Marlins,Dave Dombrowski,20072000,0.491,2000,0.3549859462475194
Miami Marlins,Dave Dombrowski,35504167,0.469,2001,0.5649226874304267
Miami Marlins,Larry Beinfest,41979917,0.488,2002,0.686983825262782
Miami Marlins,Larry Beinfest,49050000,0.562,2003,0.7110773904665919
Miami Marlins,Larry Beinfest,42118042,0.512,2004,0.67705419828081
Miami Marlins,Larry Beinfest,60375961,0.512,2005,0.9146901574853222
Miami Marlins,Larry Beinfest,14998500,0.481,2006,0.20759085939183275
Miami Marlins,Larry Beinfest,30507000,0.438,2007,0.3605311717204582
Miami Marlins,Mike Hill,21811500,0.522,2008,0.2728013524563394
Miami Marlins,Mike Hill,36814000,0.537,2009,0.4527631985256552
Miami Marlins,Mike Hill,55641500,0.494,2010,0.659843224930738
Miami Marlins,Mike Hill,56944000,0.444,2011,0.6566882890373188
Miami Marlins,Mike Hill,118078000,0.426,2012,1.3769469142581519
Miami Marlins,Mike Hill,36341900,0.383,2013,0.4020754928078413
Miami Marlins,Dan Jennings,47565400,0.475,2014,0.45032026741935083
Miami Marlins,Dan Jennings,63590525,0.438,2015,0.5193039757433883
Milwaukee Brewers,Sal Bando,31897903,0.457,1998,0.7266948395237262
Milwaukee Brewers,Sal Bando/Dean Taylor,42927395,0.46,1999,0.9318596062342738
Milwaukee Brewers,Dean Taylor,36505333,0.451,2000,0.6456197777045534
Milwaukee Brewers,Dean Taylor,43089333,0.42,2001,0.6856136576291051
Milwaukee Brewers,Dean Taylor,50287833,0.346,2002,0.8229394040611363
Milwaukee Brewers,Douglas Melvin,40627000,0.42,2003,0.5889692383789242
Milwaukee Brewers,Douglas Melvin,27518500,0.416,2004,0.44236424749731884
Milwaukee Brewers,Douglas Melvin,40234833,0.5,2005,0.60955395365327
Milwaukee Brewers,Douglas Melvin,57568333,0.463,2006,0.7967903271143918
Milwaukee Brewers,Douglas Melvin,70986500,0.512,2007,0.8389171672512639
Milwaukee Brewers,Douglas Melvin,80937499,0.556,2008,1.0123035642497589
Milwaukee Brewers,Douglas Melvin,80257502,0.494,2009,0.9870604474167212
Milwaukee Brewers,Douglas Melvin,81108279,0.475,2010,0.9618494897503133
Milwaukee Brewers,Douglas Melvin,85497333,0.593,2011,0.9859703801107034
Milwaukee Brewers,Douglas Melvin,97653944,0.512,2012,1.1387751897554022
Milwaukee Brewers,Douglas Melvin,82976944,0.457,2013,0.9180311334984865
Milwaukee Brewers,Douglas Melvin,103844806,0.506,2014,0.9831394418638465
Milwaukee Brewers,Douglas Melvin,94010873,0.42,2015,0.7677278983308716
Minnesota Twins,Terry Ryan,24527500,0.432,1998,0.5587830546860147
Minnesota Twins,Terry Ryan,16345000,0.394,1999,0.3548141056287996
Minnesota Twins,Terry Ryan,16519500,0.426,2000,0.2921577490551961
Minnesota Twins,Terry Ryan,24350000,0.525,2001,0.3874437453758848
Minnesota Twins,Terry Ryan,40225000,0.584,2002,0.6582653408103548
Minnesota Twins,Terry Ryan,55505000,0.556,2003,0.8046554649918081
Minnesota Twins,Terry Ryan,53585000,0.568,2004,0.8613873649415423
Minnesota Twins,Terry Ryan,56615000,0.512,2005,0.8577119503908437
Minnesota Twins,Terry Ryan,63396006,0.593,2006,0.8774498361536011
Minnesota Twins,Terry Ryan,71439500,0.488,2007,0.8442707130207386
Minnesota Twins,Bill Smith,56932766,0.54,2008,0.7120709517401507
Minnesota Twins,Bill Smith,65299267,0.534,2009,0.8030940671565374
Minnesota Twins,Bill Smith,97559167,0.58,2010,1.1569378139488768
Minnesota Twins,Bill Smith,112737000,0.389,2011,1.3001030423082363
Minnesota Twins,Terry Ryan,94085000,0.407,2012,1.0971565442163504
Minnesota Twins,Terry Ryan,75802500,0.407,2013,0.838655313661817
Minnesota Twins,Terry Ryan,85776500,0.432,2014,0.8120797137897704
Minnesota Twins,Terry Ryan,106431818,0.512,2015,0.8691619739418209
Montreal Expos,Jim Beattie,8317000,0.401,1998,0.18947706312602525
Montreal Expos,Jim Beattie,16413000,0.42,1999,0.3562902365056891
Montreal Expos,Jim Beattie,34807833,0.414,2000,0.6155984223959063
Montreal Expos,Jim Beattie/Larry Beinfest,34774500,0.42,2001,0.5533126293048749
Montreal Expos,Omar Minaya,38670500,0.512,2002,0.6328265969373978
Montreal Expos,Omar Minaya,51948500,0.512,2003,0.7530969178114935
Montreal Expos,Omar Minaya,43197500,0.414,2004,0.6944066566588089
NY Mets,Steve Phillips,58660665,0.543,1998,1.336401409789542
NY Mets,Steve Phillips,71506427,0.595,1999,1.5522477175109237
NY Mets,Steve Phillips,79509776,0.58,2000,1.4061804040099795
NY Mets,Steve Phillips,93174428,0.506,2001,1.482540014684834
NY Mets,Steve Phillips,94633593,0.466,2002,1.5486392628527883
NY Mets,Steve Phillips,117176429,0.41,2003,1.6987055934253597
NY Mets,Jim Duquette,100629303,0.438,2004,1.6176319893080906
NY Mets,Omar Minaya,104770139,0.512,2005,1.5872577985411958
NY Mets,Omar Minaya,101084963,0.599,2006,1.3990941988039882
NY Mets,Omar Minaya,115231663,0.543,2007,1.3618056996980028
NY Mets,Omar Minaya,137793376,0.549,2008,1.723412847916232
NY Mets,Omar Minaya,135773988,0.432,2009,1.6698393296969614
NY Mets,Omar Minaya,132701445,0.488,2010,1.5736842001342337
NY Mets,Sandy Alderson,120147310,0.475,2011,1.3855600491067774
NY Mets,Sandy Alderson,93353983,0.457,2012,1.0886319113260554
NY Mets,Sandy Alderson,73396649,0.457,2013,0.8120377255212069
NY Mets,Sandy Alderson,89051758,0.488,2014,0.8430878637985451
NY Mets,Sandy Alderson,115641550,0.556,2015,0.9443720849313293
NY Yankees,Brian Cashman,65663698,0.704,1998,1.495943807987767
NY Yankees,Brian Cashman,88180712,0.605,1999,1.9142098783720256
NY Yankees,Brian Cashman,92538260,0.54,2000,1.6365973390892274
NY Yankees,Brian Cashman,109791893,0.594,2001,1.7469479357629727
NY Yankees,Brian Cashman,125928583,0.64,2002,2.0607687161282797
NY Yankees,Brian Cashman,152749814,0.623,2003,2.21441262249495
NY Yankees,Brian Cashman,182835513,0.623,2004,2.9391098397089688
NY Yankees,Brian Cashman,205938439,0.586,2005,3.119948073392843
NY Yankees,Brian Cashman,194663079,0.599,2006,2.694287819546637
NY Yankees,Brian Cashman,189639045,0.58,2007,2.2411507882715016
NY Yankees,Brian Cashman,209081577,0.549,2008,2.615030464631239
NY Yankees,Brian Cashman,201449289,0.636,2009,2.4775581145314036
NY Yankees,Brian Cashman,206333389,0.586,2010,2.4468730858917977
NY Yankees,Brian Cashman,201689030,0.599,2011,2.3259135998225706
NY Yankees,Brian Cashman,197962289,0.586,2012,2.3085042343030073
NY Yankees,Brian Cashman,228835490,0.525,2013,2.531764778772542
NY Yankees,Brian Cashman,203812506,0.519,2014,1.9295728030317845
NY Yankees,Brian Cashman,221256867,0.537,2015,1.806866206775712
Oakland Athletics,Billy Beane,22463500,0.457,1998,0.511761212881023
Oakland Athletics,Billy Beane,24175333,0.537,1999,0.5247934632409548
Oakland Athletics,Billy Beane,31971333,0.565,2000,0.5654331356018106
Oakland Athletics,Billy Beane,33810750,0.63,2001,0.5379779718261887
Oakland Athletics,Billy Beane,39679746,0.636,2002,0.6493424866117666
Oakland Athletics,Billy Beane,50260834,0.593,2003,0.7286308396206842
Oakland Athletics,Billy Beane,59825167,0.562,2004,0.9616990381509324
Oakland Athletics,Billy Beane,55869262,0.543,2005,0.8464140894977842
Oakland Athletics,Billy Beane,62243079,0.574,2006,0.8614924332969123
Oakland Athletics,Billy Beane,79366940,0.469,2007,0.9379570549076377
Oakland Athletics,Billy Beane,47967126,0.466,2008,0.5999356690848241
Oakland Athletics,Billy Beane,62310000,0.463,2009,0.7663300619365887
Oakland Athletics,Billy Beane,51654900,0.5,2010,0.6125668035454612
Oakland Athletics,Billy Beane,66536500,0.457,2011,0.7673106972381912
Oakland Athletics,Billy Beane,55372500,0.58,2012,0.6457171785578983
Oakland Athletics,Billy Beane,60664500,0.593,2013,0.6711731839403358
Oakland Athletics,Billy Beane,83401400,0.543,2014,0.7895937120501088
Oakland Athletics,Billy Beane,80376830,0.42,2015,0.6563872114068949
Philadelphia Phillies,Ed Wade,28622500,0.463,1998,0.6520749355927207
Philadelphia Phillies,Ed Wade,30568167,0.475,1999,0.6635678699796138
Philadelphia Phillies,Ed Wade,47308000,0.401,2000,0.8366717389935058
Philadelphia Phillies,Ed Wade,41664167,0.531,2001,0.6629372037144288
Philadelphia Phillies,Ed Wade,57955000,0.497,2002,0.9484093928319233
Philadelphia Phillies,Ed Wade,70780000,0.531,2003,1.0260969968853288
Philadelphia Phillies,Ed Wade,93219167,0.531,2004,1.49851287905525
Philadelphia Phillies,Ed Wade,95337908,0.543,2005,1.4443603818221817
Philadelphia Phillies,Pat Gillick,88273333,0.525,2006,1.221771314388201
Philadelphia Phillies,Pat Gillick,89428213,0.549,2007,1.0568609964190747
Philadelphia Phillies,Pat Gillick,98269880,0.568,2008,1.2290835646205982
Philadelphia Phillies,Ruben Amaro Jr.,113004048,0.574,2009,1.3897993757490812
Philadelphia Phillies,Ruben Amaro Jr.,141927381,0.599,2010,1.6830930292140498
Philadelphia Phillies,Ruben Amaro Jr.,172976381,0.63,2011,1.9947942484328003
Philadelphia Phillies,Ruben Amaro Jr.,174538938,0.5,2012,2.03535673111837
Philadelphia Phillies,Ruben Amaro Jr.,165385714,0.451,2013,1.8297761663514207
Philadelphia Phillies,Ruben Amaro Jr.,180052723,0.451,2014,1.7046296335349287
Philadelphia Phillies,Ruben Amaro Jr.,141722639,0.389,2015,1.1573599979799658
Pittsburgh Pirates,Cam Bonifay,13695000,0.426,1998,0.3119981218601558
Pittsburgh Pirates,Cam Bonifay,24167667,0.484,1999,0.5246270511923925
Pittsburgh Pirates,Cam Bonifay,28928333,0.426,2000,0.5116157664093434
Pittsburgh Pirates,Cam Bonifay/David Littlefield,52698333,0.383,2001,0.8385067561636791
Pittsburgh Pirates,David Littlefield,42323598,0.447,2002,0.6926080214242499
Pittsburgh Pirates,David Littlefield,54812429,0.463,2003,0.7946152696932792
Pittsburgh Pirates,David Littlefield,32227929,0.447,2004,0.5180690648284616
Pittsburgh Pirates,David Littlefield,38138000,0.414,2005,0.5777871299833259
Pittsburgh Pirates,David Littlefield,46717750,0.414,2006,0.6466098524087606
Pittsburgh Pirates,David Littlefield,38537833,0.42,2007,0.4554394102028171
Pittsburgh Pirates,Neal Huntington,48689783,0.414,2008,0.6089741032577164
Pittsburgh Pirates,Neal Huntington,48743000,0.385,2009,0.5994740203655134
Pittsburgh Pirates,Neal Huntington,34943000,0.352,2010,0.41438318177537953
Pittsburgh Pirates,Neal Huntington,46047000,0.444,2011,0.5310221558952904
Pittsburgh Pirates,Neal Huntington,63431999,0.488,2012,0.7397016826866663
Pittsburgh Pirates,Neal Huntington,79555000,0.58,2013,0.8801718080322661
Pittsburgh Pirates,Neal Huntington,78111667,0.543,2014,0.739513738389907
Pittsburgh Pirates,Neal Huntington,99435606,0.605,2015,0.8120282939361345
San Diego Padres,Kevin Towers,53066166,0.605,1998,1.2089480924658091
San Diego Padres,Kevin Towers,45832180,0.457,1999,0.9949161184287646
San Diego Padres,Kevin Towers,54821000,0.469,2000,0.9695438700296563
San Diego Padres,Kevin Towers,38333117,0.488,2001,0.6099353766904312
San Diego Padres,Kevin Towers,41425000,0.407,2002,0.6779028401011548
San Diego Padres,Kevin Towers,47928000,0.395,2003,0.694811766978243
San Diego Padres,Kevin Towers,54639503,0.537,2004,0.8783386677407016
San Diego Padres,Kevin Towers,62888192,0.506,2005,0.9527502219707472
San Diego Padres,Kevin Towers,69896141,0.543,2006,0.9674167402315376
San Diego Padres,Kevin Towers,58110567,0.546,2007,0.6867496249991868
San Diego Padres,Kevin Towers,73677616,0.389,2008,0.921502569312465
San Diego Padres,Kevin Towers,42796700,0.463,2009,0.5263424452203757
San Diego Padres,Jed Hoyer,37799300,0.556,2010,0.44825556485940254
San Diego Padres,Jed Hoyer,45869140,0.438,2011,0.5289710428879819
San Diego Padres,Josh Byrnes,55244700,0.469,2012,0.6442268601612267
San Diego Padres,Josh Byrnes,67143600,0.469,2013,0.7428559337539471
San Diego Padres,Josh Byrnes/Omar Minaya/A.J. Preller,90094196,0.475,2014,0.8529570325415409
San Diego Padres,A.J. Preller,127463770,0.457,2015,1.0409167485917252
San Francisco Giants,Brian Sabean,48514715,0.546,1998,1.1052573904768697
San Francisco Giants,Brian Sabean,45959557,0.531,1999,0.9976811937626697
San Francisco Giants,Brian Sabean,53737826,0.599,2000,0.9503872564714303
San Francisco Giants,Brian Sabean,63332667,0.556,2001,1.00771440275662
San Francisco Giants,Brian Sabean,78299835,0.59,2002,1.2813441285685407
San Francisco Giants,Brian Sabean,82852167,0.621,2003,1.2011070887841444
San Francisco Giants,Brian Sabean,82019167,0.562,2004,1.3184711045410153
San Francisco Giants,Brian Sabean,89487842,0.463,2005,1.3557324295343578
San Francisco Giants,Brian Sabean,90056419,0.472,2006,1.246450605991331
San Francisco Giants,Brian Sabean,90219056,0.438,2007,1.0662071646243036
San Francisco Giants,Brian Sabean,76594500,0.444,2008,0.957984695720931
San Francisco Giants,Brian Sabean,82161450,0.543,2009,1.0104764735564105
San Francisco Giants,Brian Sabean,97828833,0.568,2010,1.1601357378562873
San Francisco Giants,Brian Sabean,118216333,0.531,2011,1.363291680493747
San Francisco Giants,Brian Sabean,117620683,0.58,2012,1.3716139882940621
San Francisco Giants,Brian Sabean,140264334,0.469,2013,1.5518410214219303
San Francisco Giants,Brian Sabean,154185878,0.543,2014,1.459738083002506
San Francisco Giants,Brian Sabean,187088630,0.519,2015,1.5278356229231278
Seattle Mariners,Woody Woodward,43698136,0.472,1998,0.9955265688783981
Seattle Mariners,Woody Woodward,44396336,0.488,1999,0.9637470939758752
Seattle Mariners,Pat Gillick,58915000,0.562,2000,1.0419488353513653
Seattle Mariners,Pat Gillick,75652500,0.716,2001,1.2037407781129004
Seattle Mariners,Pat Gillick,80282668,0.574,2002,1.3137923632612696
Seattle Mariners,Pat Gillick,86959167,0.574,2003,1.2606462293070047
Seattle Mariners,Bill Bavasi,81543833,0.389,2004,1.3108300351796804
Seattle Mariners,Bill Bavasi,85883333,0.426,2005,1.3011244555947419
Seattle Mariners,Bill Bavasi,87959833,0.481,2006,1.2174322315186246
Seattle Mariners,Bill Bavasi,106460833,0.543,2007,1.2581521901145973
Seattle Mariners,Bill Bavasi,117666482,0.377,2008,1.4716812428480166
Seattle Mariners,Jack Zduriencik,98904167,0.525,2009,1.2163896071721507
Seattle Mariners,Jack Zduriencik,98376667,0.377,2010,1.1666324094644702
Seattle Mariners,Jack Zduriencik,86424600,0.414,2011,0.9966637873127048
Seattle Mariners,Jack Zduriencik,81978100,0.463,2012,0.9559739479983248
Seattle Mariners,Jack Zduriencik,72031143,0.438,2013,0.79693019130087
Seattle Mariners,Jack Zduriencik,92081943,0.537,2014,0.8717758117508403
Seattle Mariners,Jack Zduriencik,126031265,0.469,2015,1.0292183777766977
St. Louis Cardinals,Walt Jocketty,44090854,0.512,1998,1.004473431121602
St. Louis Cardinals,Walt Jocketty,46173195,0.466,1999,1.0023188062373303
St. Louis Cardinals,Walt Jocketty,61453863,0.586,2000,1.0868502245725598
St. Louis Cardinals,Walt Jocketty,77270855,0.574,2001,1.2294911486487439
St. Louis Cardinals,Walt Jocketty,74098267,0.599,2002,1.212587221385001
St. Louis Cardinals,Walt Jocketty,83486666,0.525,2003,1.2103054148427308
St. Louis Cardinals,Walt Jocketty,75633517,0.648,2004,1.2158207690564775
St. Louis Cardinals,Walt Jocketty,93319842,0.617,2005,1.413786870829027
St. Louis Cardinals,Walt Jocketty,88891371,0.516,2006,1.2303254391044598
St. Louis Cardinals,Walt Jocketty,90286823,0.481,2007,1.06700803379905
St. Louis Cardinals,John Mozeliak,99624449,0.531,2008,1.2460254647739775
St. Louis Cardinals,John Mozeliak,88528411,0.562,2009,1.088781619078443
St. Louis Cardinals,John Mozeliak,93540753,0.531,2010,1.1092841156685138
St. Louis Cardinals,John Mozeliak,105433572,0.556,2011,1.215878617655468
St. Louis Cardinals,John Mozeliak,110300862,0.543,2012,1.2862551158633635
St. Louis Cardinals,John Mozeliak,115222086,0.599,2013,1.2747813683598674
St. Louis Cardinals,John Mozeliak,111020360,0.556,2014,1.0510732213792504
St. Louis Cardinals,John Mozeliak,132178951,0.617,2015,1.079422677574851
Tampa Bay Rays,Chuck LaMar,27370000,0.389,1998,0.6235406057183253
Tampa Bay Rays,Chuck LaMar,38027500,0.426,1999,0.825493631189916
Tampa Bay Rays,Chuck LaMar,62765129,0.429,2000,1.1100407886315573
Tampa Bay Rays,Chuck LaMar,54951602,0.383,2001,0.8743595274449676
Tampa Bay Rays,Chuck LaMar,34380000,0.342,2002,0.562614354681417
Tampa Bay Rays,Chuck LaMar,19630000,0.389,2003,0.28457592609295007
Tampa Bay Rays,Chuck LaMar,29506667,0.435,2004,0.4743243470250548
Tampa Bay Rays,Chuck LaMar,29893567,0.414,2005,0.4528847417770796
Tampa Bay Rays,Andrew Friedman,35417967,0.377,2006,0.4902121017062755
Tampa Bay Rays,Andrew Friedman,24123500,0.407,2007,0.28509108470182165
Tampa Bay Rays,Andrew Friedman,43820597,0.599,2008,0.5480740951811754
Tampa Bay Rays,Andrew Friedman,63313035,0.519,2009,0.7786660573414125
Tampa Bay Rays,Andrew Friedman,71923471,0.593,2010,0.8529283907308828
Tampa Bay Rays,Andrew Friedman,41932171,0.562,2011,0.4835692194016977
Tampa Bay Rays,Andrew Friedman,64173500,0.556,2012,0.7483485729953548
Tampa Bay Rays,Andrew Friedman,57895272,0.564,2013,0.6405353055466009
Tampa Bay Rays,Andrew Friedman,77062891,0.475,2014,0.7295845653190824
Tampa Bay Rays,Andrew Friedman,73582652,0.494,2015,0.6009034164970675
Texas Rangers,Douglas Melvin,60519595,0.543,1998,1.3787513673411667
Texas Rangers,Douglas Melvin,81576598,0.586,1999,1.770849046167643
Texas Rangers,Douglas Melvin,70795921,0.438,2000,1.2520703969036284
Texas Rangers,Douglas Melvin,88504421,0.451,2001,1.4082334437192652
Texas Rangers,John Hart,105302124,0.444,2002,1.7232253211414355
Texas Rangers,John Hart,103491667,0.438,2003,1.5003177269194192
Texas Rangers,John Hart,54825973,0.549,2004,0.8813362025347792
Texas Rangers,John Hart,55307258,0.488,2005,0.8378997815057775
Texas Rangers,Jon Daniels,68228662,0.494,2006,0.9443375390695659
Texas Rangers,Jon Daniels,68318675,0.463,2007,0.807388859872789
Texas Rangers,Jon Daniels,67712326,0.488,2008,0.8468933411624396
Texas Rangers,Jon Daniels,68646023,0.537,2009,0.8442547112388139
Texas Rangers,Jon Daniels,55250545,0.556,2010,0.6552069550961218
Texas Rangers,Jon Daniels,92299265,0.593,2011,1.0644114641095126
Texas Rangers,Jon Daniels,120510974,0.574,2012,1.4053186350001217
Texas Rangers,Jon Daniels,114090100,0.558,2013,1.2622574268818056
Texas Rangers,Jon Daniels,136036172,0.414,2014,1.2879077092538862
Texas Rangers,Jon Daniels,152445607,0.543,2015,1.2449277592803976
Toronto Blue Jays,Gord Ash,34158500,0.543,1998,0.7781955345425434
Toronto Blue Jays,Gord Ash,48455333,0.519,1999,1.0518590175185476
Toronto Blue Jays,Gord Ash,46238333,0.512,2000,0.8177540052268285
Toronto Blue Jays,Gord Ash,75798500,0.494,2001,1.2060638494404108
Toronto Blue Jays,J.P. Ricciardi,76864333,0.481,2002,1.257852737312756
Toronto Blue Jays,J.P. Ricciardi,51269000,0.531,2003,0.7432462126775067
Toronto Blue Jays,J.P. Ricciardi,50017000,0.416,2004,0.8040311996320074
Toronto Blue Jays,J.P. Ricciardi,45336500,0.494,2005,0.686843731147125
Toronto Blue Jays,J.P. Ricciardi,71915000,0.537,2006,0.9953593128088577
Toronto Blue Jays,J.P. Ricciardi,81942800,0.512,2007,0.9683985215870181
Toronto Blue Jays,J.P. Ricciardi,97793900,0.531,2008,1.223130375351535
Toronto Blue Jays,J.P. Ricciardi,80993657,0.463,2009,0.9961141740536162
Toronto Blue Jays,Alex Anthopoulos,62689357,0.525,2010,0.7434225801194133
Toronto Blue Jays,Alex Anthopoulos,62517800,0.5,2011,0.7209663373907222
Toronto Blue Jays,Alex Anthopoulos,75489200,0.451,2012,0.8803047223006528
Toronto Blue Jays,Alex Anthopoulos,117527800,0.457,2013,1.3002910718377798
Toronto Blue Jays,Alex Anthopoulos,132628700,0.512,2014,1.2556478375348648
Toronto Blue Jays,Alex Anthopoulos,138309664,0.574,2015,1.1294883695162476
Washington Nationals,Jim Bowden,48581500,0.5,2005,0.73600517738961
Washington Nationals,Jim Bowden,63143000,0.438,2006,0.873948037108944
Washington Nationals,Jim Bowden,37347500,0.451,2007,0.4413720764358938
Washington Nationals,Jim Bowden,54961000,0.366,2008,0.6874096294318534
Washington Nationals,Mike Rizzo,59328000,0.364,2009,0.7296554311438603
Washington Nationals,Mike Rizzo,61425000,0.426,2010,0.7284287823184239
Washington Nationals,Mike Rizzo,63681929,0.497,2011,0.7343912791094059
Washington Nationals,Mike Rizzo,81336143,0.605,2012,0.9484878734523771
Washington Nationals,Mike Rizzo,114056769,0.531,2013,1.2618886630513295
Washington Nationals,Mike Rizzo,134704437,0.593,2014,1.2752996525292144
Washington Nationals,Mike Rizzo,165655095,0.512,2015,1.352801371519557
